sample_id,CAF,CD4_T,CD8_T,CD8_T_cytotoxic,Exhausted_T,PDAC_unclassified,Pattern2_Pattern7_class_1_class_2,Pattern7,Pattern7_class_1,Pattern7_class_1_class_2,Pattern7_class_2,Proliferating_T,Treg,other_immune,other_tissue,PDAC,apCAF,Pattern2,Pattern2_Pattern7,Pattern2_Pattern7_class_1,Pattern2_Pattern7_class_2,Pattern2_class_1,Pattern2_class_1_class_2,Pattern2_class_2,total ,percent CD8,percent CD4,percent Treg,percent CAF,percent apCAF,percent exhausted CD8,total tumor,tumor presenting antigen,percent tumor presenting antigen
HT056P1_S1PA,393,16,186,455,188,241,1,9,123,99,1,89,254,1923,133,0,0,0,0,0,0,0,0,0,2055,35.52311436,0,12.36009732,19.12408759,0,9.148418491,474,224,47.25738397
HT056P1_S1PB,752,24,119,138,10,90,1,8,35,25,1,7,29,522,287,0,0,0,0,0,0,0,0,0,1239,21.30750605,1.937046005,2.340597256,60.69410815,0,0.807102502,160,62,38.75
HT056P1_S1R1,796,243,234,351,66,41,0,0,0,1,0,16,83,569,227,0,0,0,0,0,0,0,0,0,1831,32.82359366,13.27143637,4.533042054,43.47351174,0,3.604587657,42,1,2.380952381
HT060P1_S1PA,4225,425,317,181,6,0,0,0,0,0,0,13,437,686,598,239,26,0,0,0,0,0,0,0,5869,8.706764355,7.241438064,7.445902198,71.9884137,0.443005623,0.102232067,239,0,0
HT060P1_S1PB,2749,677,545,225,10,0,0,0,0,0,0,8,556,609,650,141,13,0,0,0,0,0,0,0,4924,15.80016247,13.74898457,11.29163282,55.82859464,0.264012998,0.203086921,141,0,0
HT060P1_S1R1,4457,1383,309,171,11,93,276,21,13,71,27,18,541,1291,997,0,23,2,31,20,110,2,9,2,7590,6.561264822,18.22134387,7.127799736,58.72200264,0.303030303,0.144927536,677,530,78.28655835
HT061P1_S1PA,289,23,372,106,16,133,16,0,9,6,1,9,45,380,564,0,13,34,4,0,1,15,63,11,1166,41.76672384,1.972555746,3.859348199,24.78559177,1.114922813,1.372212693,293,122,41.63822526
HT061P1_S1PB,190,0,63,22,6,218,0,6,4,1,0,6,18,453,64,0,1,58,11,6,0,35,2,1,648,14.04320988,0,2.777777778,29.32098765,0.154320988,0.925925926,342,49,14.32748538
HT061P1_S1PC,270,2,68,41,17,235,7,4,4,3,0,9,24,379,53,0,4,41,7,11,0,25,5,0,777,15.18661519,0.257400257,3.088803089,34.74903475,0.514800515,2.187902188,342,55,16.08187135
HT061P1_S1R1,367,26,185,142,3,133,11,3,4,9,3,2,15,287,350,0,10,23,0,1,2,19,30,10,998,32.96593186,2.605210421,1.503006012,36.77354709,1.002004008,0.300601202,248,89,35.88709677
HT064P1_S1H1,262,32,284,132,10,131,3,43,20,14,5,2,29,235,126,0,0,0,2,3,0,0,0,0,972,43.00411523,3.29218107,2.983539095,26.95473251,0,1.028806584,221,45,20.36199095
HT064P1_S1H3,144,12,214,18,2,151,3,19,17,98,3,3,11,191,152,0,0,14,7,5,0,9,0,0,730,32.19178082,1.643835616,1.506849315,19.7260274,0,0.273972603,326,135,41.41104294
HT064P1_S1H7,450,7,620,95,3,120,4,54,29,8,1,8,7,803,273,0,0,9,4,8,8,6,1,0,1442,50.13869626,0.485436893,0.485436893,31.20665742,0,0.208044383,252,65,25.79365079
HT064P1_S1H9,313,0,342,5,2,28,0,1,13,3,0,8,2,556,343,0,0,2,0,4,0,3,1,0,727,48.83081155,0,0.275103164,43.05364512,0,0.275103164,55,24,43.63636364
HT071P1_S1H1,533,8,98,64,0,28,1,14,3,0,0,2,34,88,91,0,84,0,0,0,0,0,0,1,870,18.85057471,0.91954023,3.908045977,61.26436782,9.655172414,0,47,5,10.63829787
HT071P1_S1H4,932,14,140,50,0,54,0,26,31,0,0,4,57,178,144,0,43,0,0,3,0,0,0,0,1354,14.32791728,1.033973412,4.209748892,68.83308715,3.17577548,0,114,34,29.8245614
HT071P1_S1H5,1158,96,195,94,0,136,2,5,2,3,0,5,64,312,247,0,50,1,0,0,0,2,0,0,1813,16.21621622,5.295091009,3.530060673,63.8720353,2.757859901,0,151,9,5.960264901
HT071P1_S1H9,203,5,28,35,0,21,0,2,0,0,0,2,10,44,26,0,42,0,0,0,0,0,0,0,348,18.67816092,1.436781609,2.873563218,58.33333333,12.06896552,0,23,0,0
HT085P1_S1H1,71,24,52,31,4,76,8,0,16,8,0,0,14,94,21,0,4,0,0,8,1,1,2,0,320,25.9375,7.5,4.375,22.1875,1.25,1.25,120,44,36.66666667
HT085P1_S1H2,47,15,68,51,6,60,7,0,8,12,0,2,24,124,29,0,2,0,0,1,0,0,1,0,304,39.80263158,4.934210526,7.894736842,15.46052632,0.657894737,1.973684211,89,29,32.58426966
HT085P1_S1H3,41,12,30,22,1,236,83,5,52,41,1,4,16,71,26,0,3,2,5,37,3,16,11,2,623,8.988764045,1.926163724,2.568218299,6.58105939,0.481540931,0.160513644,494,246,49.79757085
HT085P1_S1H4,37,17,35,16,2,148,54,0,35,51,0,7,12,114,40,0,0,1,1,12,2,12,3,0,445,13.03370787,3.820224719,2.696629213,8.314606742,0,0.449438202,319,169,52.97805643
HT115P1_S1H3,911,164,642,250,2,258,62,0,1,2,1,8,89,1235,483,0,0,23,0,1,15,13,444,198,3084,29.18287938,5.317769131,2.885862516,29.53955901,0,0.064850843,1018,737,72.39685658
HT115P1_S1H5,136,139,334,147,1,130,15,8,1,1,1,4,47,633,135,0,0,24,0,0,2,8,123,81,1202,40.34941764,11.5640599,3.91014975,11.31447587,0,0.083194676,394,232,58.88324873
HT115P1_S1H6,408,15,84,27,0,76,19,0,0,2,0,5,4,141,286,0,2,35,0,2,5,8,106,101,899,12.90322581,1.668520578,0.444938821,45.38375973,0.22246941,0,354,243,68.6440678
HT121P1_S1H3,218,16,288,197,5,78,0,1,1,0,1,0,6,320,247,0,3,5,2,4,1,3,1,1,831,58.36341757,1.925391095,0.722021661,26.23345367,0.36101083,0.601684717,98,12,12.24489796
HT121P1_S1H4,16,226,660,343,2,156,1,1,2,0,0,1,58,681,85,0,0,57,3,4,0,8,4,4,1546,64.94178525,14.61836999,3.751617076,1.034928849,0,0.129366106,240,23,9.583333333
HT121P1_S1H5,73,140,412,212,6,97,0,2,4,2,0,0,76,301,90,0,0,46,7,4,0,14,6,3,1104,56.52173913,12.68115942,6.884057971,6.612318841,0,0.543478261,185,33,17.83783784
HT121P1_S1H9,6,10,60,17,3,117,1,4,2,2,0,0,11,165,21,0,0,50,4,3,0,14,6,0,310,24.83870968,3.225806452,3.548387097,1.935483871,0,0.967741935,203,28,13.79310345
HT122P1_S1H3,146,0,209,5,0,226,6,16,3,4,5,8,2,183,1533,0,1,53,18,6,1,19,8,1,737,30.12211669,0,0.271370421,19.81004071,0.13568521,0,366,53,14.48087432
HT122P1_S1H4,463,121,343,180,4,1104,50,68,18,35,20,11,47,503,211,0,0,112,35,11,14,64,121,25,2846,18.76317639,4.251581167,1.651440618,16.26844694,0,0.140548138,1677,358,21.3476446
HT122P1_S1H5,174,132,481,311,8,217,25,11,11,10,2,11,104,555,203,0,0,21,2,4,0,14,55,7,1600,50.1875,8.25,6.5,10.875,0,0.5,379,128,33.77308707
HT122P1_S1H9,98,62,223,111,0,1422,76,49,20,270,110,14,36,403,340,0,0,87,21,9,23,37,69,26,2763,12.59500543,2.243937749,1.302931596,3.546869345,0,0,2219,640,28.84182064
HT123P1_S1H1,288,242,789,826,21,32,5,4,19,5,0,4,99,615,281,0,0,1,1,5,0,2,1,0,2344,69.06996587,10.32423208,4.223549488,12.28668942,0,0.895904437,75,37,49.33333333
HT123P1_S1H3,568,493,1038,1340,58,69,0,4,17,13,0,2,258,1260,488,0,0,1,4,6,1,2,0,0,3874,61.43520909,12.72586474,6.65978317,14.66184822,0,1.497160558,117,39,33.33333333
HT123P1_S1H5,287,477,586,725,25,17,7,2,29,7,1,0,207,2024,122,0,0,0,0,4,0,0,5,1,2380,55.08403361,20.04201681,8.697478992,12.05882353,0,1.050420168,73,54,73.97260274
HT124P1_S1H1,314,36,94,48,6,186,72,17,8,8,0,3,154,440,127,0,0,84,17,34,0,44,10,1,1136,12.76408451,3.169014085,13.55633803,27.64084507,0,0.528169014,481,177,36.7983368
HT124P1_S1H2,178,311,372,153,8,43,2,5,6,4,0,5,45,538,441,0,0,13,6,5,1,21,7,0,1185,44.7257384,26.24472574,3.797468354,15.02109705,0,0.675105485,113,46,40.7079646
HT124P1_S1H4,189,45,165,68,13,116,8,1,2,2,0,2,162,474,300,0,0,95,2,5,0,98,15,0,988,23.7854251,4.55465587,16.39676113,19.12955466,0,1.315789474,344,130,37.79069767
HT125P1_S1H3,767,343,443,224,6,8,1,0,0,0,0,0,35,753,408,0,25,0,0,2,0,0,0,0,1854,35.97626753,18.50053937,1.88781014,41.37001079,1.348435814,0.323624595,11,3,27.27272727
HT125P1_S1H4,967,2453,1875,1191,87,86,8,10,23,22,3,0,147,5995,699,0,77,14,7,6,1,10,2,0,6989,43.8689369,35.09801116,2.103305194,13.83602804,1.101731292,1.244813278,192,75,39.0625
HT125P1_S1H8,227,1116,1180,1044,106,167,94,16,25,33,5,0,389,2005,404,0,13,15,7,34,4,22,42,13,4552,48.85764499,24.51669596,8.5456942,4.986818981,0.285588752,2.328646749,477,272,57.0230608
HT125P1_S1H9,1636,985,1808,1268,70,9,0,0,1,2,0,0,69,1717,796,0,48,3,1,3,0,0,1,0,5904,52.100271,16.68360434,1.168699187,27.7100271,0.81300813,1.185636856,20,7,35
HT138P1_S1H2,1129,29,286,419,0,0,0,0,2,0,0,3,50,207,164,0,5,0,0,1,0,0,0,0,1924,36.7983368,1.507276507,2.598752599,58.67983368,0.25987526,0,3,3,100
HT138P1_S1H3,1585,24,207,210,1,4,3,0,0,1,0,6,34,437,267,0,42,0,0,3,0,0,0,0,2120,19.95283019,1.132075472,1.603773585,74.76415094,1.981132075,0.047169811,11,7,63.63636364
HT138P1_S1H5,369,20,269,385,3,65,0,1,1,0,0,8,38,321,273,0,2,0,0,1,0,0,0,0,1162,56.9707401,1.721170396,3.270223752,31.7555938,0.17211704,0.258175559,68,2,2.941176471
HT138P1_S1H6,1506,30,111,142,0,43,0,0,1,0,0,4,23,265,506,0,11,0,0,1,0,0,0,0,1872,13.72863248,1.602564103,1.228632479,80.44871795,0.587606838,0,45,2,4.444444444
HT140P1_S1H1,368,469,348,250,225,121,12,0,1,16,0,23,300,1421,252,0,0,35,16,3,7,4,5,18,2221,27.96037821,21.11661414,13.50742909,16.56911301,0,10.13057181,238,66,27.73109244
HT140P1_S1H3,200,155,141,47,180,310,21,2,2,7,0,17,160,613,191,0,0,109,11,4,13,14,24,56,1473,13.91717583,10.5227427,10.86218601,13.57773252,0,12.21995927,573,141,24.60732984
HT140P1_S1H6,354,153,306,122,94,133,2,4,1,6,0,17,113,539,70,0,0,23,11,0,10,0,4,18,1371,32.45805981,11.15973742,8.242159008,25.82056893,0,6.856309263,212,41,19.33962264
HT166P1_M1K1,3094,769,140,100,0,6,0,0,1,1,1,7,9,1095,3662,0,50,0,0,0,0,0,0,0,4178,5.911919579,18.40593585,0.215414074,74.05457157,1.196744854,0,9,3,33.33333333
HT166P1_S1H2,566,10,47,22,0,347,309,6,105,121,2,0,45,234,46,0,94,4,1,50,1,39,79,2,1850,3.72972973,0.540540541,2.432432432,30.59459459,5.081081081,0,1066,708,66.41651032
HT166P1_S1H5,434,44,124,37,0,129,87,1,17,61,1,2,90,529,114,0,7,0,1,6,2,10,31,2,1086,15.0092081,4.051565378,8.287292818,39.96316759,0.644567219,0,348,217,62.35632184
HT166P1_S1H6,596,87,43,44,3,121,205,2,54,68,1,1,62,495,35,0,23,3,0,52,3,52,30,0,1450,6.068965517,6,4.275862069,41.10344828,1.586206897,0.206896552,591,465,78.68020305
HT168P1_M1G1,352,0,328,0,0,80,0,0,0,0,1,0,0,70,4802,0,1,1,0,0,0,2,0,0,765,42.87581699,0,0,46.0130719,0.130718954,0,84,3,3.571428571
HT168P1_S1H2,443,13,67,25,0,79,60,5,3,7,0,0,12,103,919,0,18,127,26,12,2,115,6,2,1022,9.001956947,1.272015656,1.174168297,43.34637965,1.761252446,0,444,207,46.62162162
HT168P1_S1H3,1201,15,706,22,1,186,12,12,7,1,1,3,1,673,6184,0,79,293,75,21,6,83,20,29,2774,26.3518385,0.5407354,0.036049027,43.29488104,2.847873107,0.036049027,746,180,24.12868633
HT168P1_S1H4,1927,28,98,35,0,49,0,2,2,0,1,0,13,169,301,0,307,44,17,6,0,18,1,0,2548,5.21978022,1.098901099,0.510204082,75.62794349,12.04866562,0,140,28,20
HT185P1_S1H2,415,330,718,348,5,352,7,8,17,25,7,17,160,1163,1513,0,2,0,2,0,5,0,0,0,2418,44.78908189,13.64764268,6.617038875,17.16294458,0.082712986,0.206782465,423,61,14.42080378
HT185P1_S1H3,232,69,569,425,1,667,4,42,102,145,7,2,167,557,118,0,0,0,0,0,1,0,0,0,2433,40.93711467,2.836004932,6.863953966,9.535552815,0,0.041101521,968,259,26.75619835
HT185P1_S1H6,431,105,835,604,1,610,4,198,215,114,17,7,203,681,272,0,0,0,3,5,0,0,0,0,3352,43.13842482,3.132458234,6.056085919,12.85799523,0,0.029832936,1166,355,30.44596913
HT190P1_M1K1,21,0,114,0,0,9,0,0,0,0,0,1,0,52,619,0,0,0,0,0,0,0,0,0,145,79.31034483,0,0,14.48275862,0,0,9,0,0
HT190P1_S1H7,349,8,264,11,0,2450,0,1,1,0,0,5,26,213,8,0,15,1740,14,1,0,65,8,11,4969,5.634936607,0.160998189,0.523244114,7.023545985,0.301871604,0,4291,86,2.004194826
HT190P1_S1H9,149,51,144,29,2,364,1,6,7,0,0,2,50,92,33,0,10,544,29,16,1,108,2,1,1516,11.54353562,3.364116095,3.298153034,9.828496042,0.659630607,0.131926121,1079,136,12.60426321
HT191P1_S1H1,1070,916,1769,406,54,163,2,11,1,17,6,16,306,763,339,0,73,1,0,0,1,0,0,2,4814,45.51308683,19.02783548,6.356460324,22.22683839,1.516410469,1.121728292,204,29,14.21568627
HT191P1_S1H2,1351,29,2586,68,94,85,6,5,8,13,1,13,97,1258,126,0,126,1,2,0,0,1,0,1,4487,59.43837754,0.646311567,2.161800758,30.10920437,2.808112324,2.09494094,123,30,24.3902439
HT191P1_S1H4,187,1061,677,375,23,40,1,1,0,2,0,14,58,818,117,0,129,0,0,0,0,0,0,1,2569,41.49474504,41.30011678,2.257687816,7.279096925,5.021409109,0.895289996,45,4,8.888888889
HT200P1_M1K1,583,20,622,69,2,168,6,1,0,7,1,11,43,400,762,0,35,9,0,0,0,5,44,10,1636,42.90953545,1.222493888,2.628361858,35.63569682,2.139364303,0.122249389,251,73,29.08366534
HT200P1_S1H2,755,107,822,577,2,43,79,0,2,17,1,7,92,621,142,0,23,2,2,3,0,11,28,1,2574,54.62315462,4.156954157,3.574203574,29.33177933,0.893550894,0.077700078,189,142,75.13227513
HT200P1_S1H4,220,10,1085,96,0,82,102,1,0,26,2,17,51,398,296,0,9,12,0,2,1,11,54,5,1786,67.07726764,0.559910414,2.855543113,12.31802912,0.503919373,0,298,203,68.12080537
HT204P1_S1H2,510,37,294,93,5,82,0,0,0,1,0,1,35,180,314,0,29,7,0,1,0,3,0,0,1098,35.33697632,3.369763206,3.187613843,46.44808743,2.641165756,0.455373406,94,5,5.319148936
HT204P1_S1H4,397,165,853,305,12,194,57,2,8,3,1,1,100,431,254,0,15,81,40,81,13,113,21,3,2465,47.01825558,6.693711968,4.056795132,16.10547667,0.60851927,0.486815416,617,300,48.62236629
HT204P1_S1H5,655,80,414,127,3,117,3,3,1,0,0,3,79,289,162,0,19,25,6,15,0,23,0,0,1573,34.58359822,5.085823268,5.022250477,41.640178,1.207883026,0.190718373,193,42,21.76165803