x,y,z,type,is_movable,volume
-151.101223,98.829817,0.0,CD8_Tcell,1,390.8215350792124
-194.387416,57.629576,0.0,CD8_Tcell,1,819.914039864049
-121.408408,215.724587,0.0,CD8_Tcell,1,515.1155824866801
-371.244454,127.754179,0.0,CAF,1,693.0776760487338
-77.561261,-116.044282,0.0,CD8_Tcell,1,459.5361874448431
-451.047965,49.042934,0.0,CD8_Tcell,1,434.04666179944775
-156.170612,192.279950,0.0,CD4_Tcell,1,434.00507848257615
-266.628659,55.599585,0.0,CD8_Tcell,1,761.5323411393222
118.561477,-443.093831,0.0,CD8_Tcell,1,536.0106210562483
-352.918030,-224.723223,0.0,CD4_Tcell,1,738.3015893078997
311.743091,-324.630825,0.0,CD8_Tcell,1,389.6078178385969
-337.326613,333.883203,0.0,CD8_Tcell,1,490.77318276590154
-246.778291,-59.333290,0.0,epithelial_tumor_class1,1,1828.6354063743422
-86.812750,88.893152,0.0,apCAF,1,608.6282504772843
317.035984,-192.647443,0.0,CD4_Tcell,1,446.0629446727784
279.080021,-345.482015,0.0,CD8_Tcell,1,552.2548830377264
-205.744877,368.476636,0.0,CD8_Tcell,1,461.54056300134675
-199.510293,-385.225836,0.0,CD4_Tcell,1,850.0385436300576
-195.005379,167.701747,0.0,epithelial_tumor_class1,1,2528.343283703443
-77.769718,-29.625445,0.0,CD8_Tcell,1,338.97481862203796
-93.774064,289.579642,0.0,CD4_Tcell,1,637.6796859148726
-394.032200,237.423175,0.0,epithelial_tumor_class1,1,1523.1909611043238
-60.686130,-373.813140,0.0,CD4_Tcell,1,683.1457565621947
-301.832292,-193.447303,0.0,CD4_Tcell,1,487.4708510066871
283.897312,-3.533944,0.0,CD4_Tcell,1,482.9915921440619
-7.963031,-472.325457,0.0,CD8_Tcell,1,445.6819154445708
6.511244,-326.981988,0.0,epithelial_tumor_class1,1,1662.5447790619562
-342.314693,-307.962346,0.0,epithelial_tumor_class1,1,2156.0204759962685
161.336904,356.620412,0.0,apCAF,1,192.27359365823116
-295.421082,362.552850,0.0,CD8_Tcell,1,518.5258672822446
-53.888274,101.139403,0.0,CD8_Tcell,1,582.2582037739712
-169.268342,425.328414,0.0,epithelial_tumor_class1,1,2651.777809686986
-165.943661,-86.747984,0.0,CD4_Tcell,1,850.0385436300576
-184.316225,-280.023295,0.0,CD4_Tcell,1,634.7106051400392
174.023747,309.407885,0.0,CD8_Tcell,1,328.29759514965843
-183.211623,-197.108261,0.0,epithelial_tumor_class1,1,1149.5237660178414
320.898654,307.531232,0.0,CD4_Tcell,1,389.31122761048084
173.574312,107.631641,0.0,CD8_Tcell,1,442.3325953657088
-112.048056,339.651662,0.0,epithelial_tumor_class1,1,1950.0805710837515
-360.404945,-264.859455,0.0,CD8_Tcell,1,465.929995556711
-74.716536,-408.779884,0.0,epithelial_tumor_class1_class2,1,2107.321036716434
330.540909,-252.992026,0.0,epithelial_tumor_class1,1,2258.945754096694
92.409425,-205.033650,0.0,CD8_Tcell,1,334.20125518368883
60.854757,221.544900,0.0,CD4_Tcell,1,850.0385436300576
-377.728939,-258.770925,0.0,CD8_Tcell,1,396.0014373091719
143.534807,252.700744,0.0,CD8_Tcell,1,440.4542484727658
-452.985330,172.363481,0.0,CD8_Tcell,1,400.8192815524381
-139.119598,383.409929,0.0,CD8_Tcell,1,676.5091455423618
-92.177127,-401.989263,0.0,epithelial_tumor_class1,1,2230.0547028363185
-82.249202,-433.673036,0.0,CD8_Tcell,1,711.2430943763973
-15.079565,257.020437,0.0,CD8_Tcell,1,475.5283552136439
180.059438,452.883327,0.0,CD8_Tcell,1,819.914039864049
245.292664,131.844593,0.0,CD8_Tcell,1,553.5416836895937
442.124746,-194.904168,0.0,CD8_Tcell,1,379.8615778684323
129.447579,-295.693707,0.0,CD4_Tcell,1,474.46849650646806
-29.469509,-161.477304,0.0,CD4_Tcell,1,527.9145612150782
-278.902275,-14.919723,0.0,CD8_Tcell,1,399.9917308345274
434.617189,-135.537565,0.0,CAF,1,759.4774499510219
-134.918210,407.097871,0.0,CD8_Tcell,1,496.4819566884863
-322.786315,178.533667,0.0,epithelial_tumor_class1,1,1699.7390542330684
-51.666270,-349.693245,0.0,CD4_Tcell,1,425.11252583811245
30.176161,-446.482461,0.0,CD4_Tcell,1,368.32517194878415
288.411549,64.669633,0.0,CD8_Tcell,1,819.914039864049
2.163209,387.881838,0.0,CD4_Tcell,1,467.9091851853326
-113.201256,415.725206,0.0,CD4_Tcell,1,815.8467856162748
237.930123,217.043056,0.0,epithelial_tumor_class1_class2,1,1950.0805710837515
104.504138,-479.717058,0.0,CD8_Tcell,1,489.51053811061763
-72.120158,-191.581460,0.0,epithelial_tumor_class1,1,1959.341932598325
191.311862,406.053460,0.0,CD8_Tcell,1,755.2183323268631
-47.066534,31.364583,0.0,CD8_Tcell,1,385.482048683657
-442.493073,105.771020,0.0,CD8_Tcell,1,376.7880607879429
228.839176,-309.581889,0.0,CD4_Tcell,1,484.39212832646064
-389.224574,195.491173,0.0,CD4_Tcell,1,462.00282581571736
-333.410121,-299.535098,0.0,CD4_Tcell,1,320.63670451524433
-380.375535,-283.549391,0.0,CD8_Tcell,1,284.4495363254603
-336.504553,269.072396,0.0,CD4_Tcell,1,619.4233704634098
365.688398,-268.844953,0.0,CD8_Tcell,1,357.41428484751935
134.057118,284.757105,0.0,apCAF,1,853.309540780342
-329.584132,147.924545,0.0,CD8_Tcell,1,439.6428843604979
-144.611522,362.794165,0.0,CAF,1,319.4487992291857
-293.836889,-118.939129,0.0,CD8_Tcell,1,510.46827737126205
-281.292088,-27.133365,0.0,epithelial_tumor_class1,1,2045.1467655913889
-293.907559,88.203632,0.0,CD4_Tcell,1,673.3649040179743
337.932864,-64.515215,0.0,epithelial_tumor_class1,1,2952.171007680869
-296.970024,-74.921412,0.0,CD8_Tcell,1,470.0255155361286
-55.064050,-176.824817,0.0,epithelial_tumor_class1,1,2373.432427663014
-14.773329,385.336772,0.0,CD4_Tcell,1,448.01381936124324
150.315967,442.228947,0.0,mesenchymal_tumor_class1,1,804.0393433179717
355.706586,200.284354,0.0,CD8_Tcell,1,443.8362981781859
-156.694419,276.036063,0.0,CD8_Tcell,1,361.5339298938061
-25.040617,-260.905644,0.0,CD8_Tcell,1,268.50502486854157
-91.484275,-297.576382,0.0,CD4_Tcell,1,459.6945952296197
-91.262632,-127.494897,0.0,CD4_Tcell,1,775.1427669779351
111.843054,407.985325,0.0,CD8_Tcell,1,413.8262303879813
-133.090838,214.019605,0.0,CD8_Tcell,1,663.6962549609789
-321.697334,253.065030,0.0,CD4_Tcell,1,444.5542140084737
-331.454108,-283.881119,0.0,CD4_Tcell,1,361.6075620585277
173.503595,-70.541748,0.0,CD4_Tcell,1,838.9036786381012
-230.483832,365.038651,0.0,CD8_Tcell,1,326.3108877318353
-251.144475,377.011491,0.0,apCAF,1,654.8132264116606
-59.982978,214.343724,0.0,apCAF,1,429.6811306710606
-365.912139,66.702359,0.0,CD8_Tcell,1,418.93619305259676
-37.347627,-482.767430,0.0,CD8_Tcell,1,577.7177841040318
28.036047,24.060171,0.0,CAF,1,756.4622714505782
-151.361797,298.945731,0.0,CAF,1,601.3293558801248
-474.229272,-2.645286,0.0,CD8_Tcell,1,819.914039864049
137.517197,406.231440,0.0,CD8_Tcell,1,592.5354079577208
365.252087,85.435502,0.0,CD8_Tcell,1,657.7531799073446
273.504932,-149.540825,0.0,CD4_Tcell,1,386.2253481585531
81.672066,92.331420,0.0,mesenchymal_tumor_class1,1,837.5709028767967
-116.124926,-352.067954,0.0,CD8_Tcell,1,370.8655656472605
-48.810803,-385.462053,0.0,CD4_Tcell,1,652.2820633143953
4.326835,-110.139635,0.0,CD8_Tcell,1,454.3434133712477
-138.020892,-160.270186,0.0,mesenchymal_tumor_class1,1,525.3442956152854
-84.247112,292.400513,0.0,CD8_Tcell,1,406.6706626335127
-366.898218,243.337255,0.0,CD8_Tcell,1,486.55783499403844
351.796033,-301.218356,0.0,mesenchymal_tumor_class1,1,852.4614431158832
316.395964,-112.486576,0.0,CD4_Tcell,1,403.63884938673544
154.207922,-252.634648,0.0,CD8_Tcell,1,275.31450422471625
119.223356,332.485683,0.0,CD8_Tcell,1,357.43864099489906
-85.618728,410.479768,0.0,CD8_Tcell,1,680.6355941474937
140.107188,-105.030287,0.0,CD8_Tcell,1,710.2994607256828
-192.497727,368.085153,0.0,epithelial_tumor_class1,1,1237.7657148489457
141.927670,374.062207,0.0,CD4_Tcell,1,474.26259591881086
26.960377,-300.034482,0.0,CAF,1,829.2836946046747
76.435592,-26.725618,0.0,CD8_Tcell,1,819.914039864049
200.293590,-166.898400,0.0,CD8_Tcell,1,444.1177416055558
-421.196922,91.344861,0.0,CAF,1,634.7641812823294
-273.072577,260.999325,0.0,CD8_Tcell,1,392.6338677670835
-113.447148,405.092298,0.0,CD8_Tcell,1,474.61560483534544
283.645560,314.795832,0.0,CD8_Tcell,1,366.9353919760591
-467.286657,-32.380656,0.0,mesenchymal_tumor_class1,1,1046.023435021498
-230.352454,433.712216,0.0,CD8_Tcell,1,358.87761302260174
-107.980934,263.338402,0.0,CD8_Tcell,1,320.489471066359
256.704736,154.380143,0.0,mesenchymal_tumor_class1,1,1064.1666594372364
-311.563096,-186.181503,0.0,CD8_Tcell,1,416.77385300781026
96.346092,113.086929,0.0,CAF,1,348.37048521946554
-364.849485,286.589082,0.0,epithelial_tumor_class1,1,1701.254791829326
-471.787906,-127.816557,0.0,CD8_Tcell,1,688.0903470308367
-217.428049,367.117892,0.0,mesenchymal_tumor_class1,1,579.7160117327352
-75.727375,241.197899,0.0,CD8_Tcell,1,427.1527119605278
-315.501577,-54.520122,0.0,CD4_Tcell,1,345.0054172416223
156.782396,32.424522,0.0,CD8_Tcell,1,612.9625238100608
434.481739,-200.468824,0.0,CD8_Tcell,1,511.50374101553257
164.005077,1.613130,0.0,epithelial_tumor_class1,1,2026.7358947138057
359.922844,248.462241,0.0,CD8_Tcell,1,819.914039864049
-96.863140,96.736186,0.0,apCAF,1,125.2840316942024
-190.175301,-209.616052,0.0,CD8_Tcell,1,819.914039864049
304.353630,54.577514,0.0,mesenchymal_tumor_class1,1,952.2260696673569
-288.505357,77.635337,0.0,mesenchymal_tumor_class1,1,1114.3857759597977
-479.019890,59.136857,0.0,CAF,1,608.6282504772843
-135.352374,126.120256,0.0,CD4_Tcell,1,488.6249765384392
10.327692,-338.064516,0.0,CD4_Tcell,1,350.06119368066214
462.802206,106.598437,0.0,apCAF,1,348.37048521946554
129.962751,-361.185577,0.0,mesenchymal_tumor_class1,1,624.4267471985632
118.334608,245.476484,0.0,CD8_Tcell,1,424.71619939477665
261.665877,83.603845,0.0,epithelial_tumor_class1,1,2450.401302946372
-126.303885,449.342642,0.0,CD8_Tcell,1,461.5261222590994
177.838909,-98.770584,0.0,CD8_Tcell,1,432.12275616822416
-89.059719,-116.040438,0.0,CD4_Tcell,1,471.7964334152726
9.050926,132.764497,0.0,epithelial_tumor_class1,1,2237.202529342767
105.276400,-126.632096,0.0,CD8_Tcell,1,419.0174259671067
-97.814178,-136.721686,0.0,CD4_Tcell,1,742.5167513363288
143.778781,265.372181,0.0,CAF,1,918.0814421765457
-86.531314,98.707767,0.0,CD8_Tcell,1,397.5028423388234
352.869347,234.132876,0.0,CD8_Tcell,1,353.1810573478552
400.464354,131.966610,0.0,CD8_Tcell,1,350.83040897958415
156.696706,281.125289,0.0,CD8_Tcell,1,427.1527119605278
353.840768,-221.694927,0.0,CD8_Tcell,1,508.21673630430786
28.180267,-196.372982,0.0,CD8_Tcell,1,356.85439878887286
-106.294164,277.991625,0.0,apCAF,1,339.97499823958316
-365.275652,-69.358353,0.0,CD8_Tcell,1,391.7917324103101
88.074660,-26.200452,0.0,CD8_Tcell,1,413.31619000793296
256.862396,-390.416116,0.0,CD8_Tcell,1,398.60191585811714
-159.869116,411.795221,0.0,CD8_Tcell,1,819.914039864049
-206.261151,221.858575,0.0,mesenchymal_tumor_class1,1,909.0605003016923
-68.674322,-139.931395,0.0,CD8_Tcell,1,534.7192858572146
365.887376,0.603924,0.0,epithelial_tumor_class1,1,2458.5848463518314
-387.456155,183.822827,0.0,CD8_Tcell,1,737.1960323485216
-398.793851,-30.043317,0.0,CD8_Tcell,1,263.5741386804295
-209.636024,-148.660033,0.0,CD8_Tcell,1,390.40807217567783
74.013724,-206.684927,0.0,CAF,1,513.7029325532861
-182.876276,-446.629970,0.0,mesenchymal_tumor_class1,1,1339.3233036449215
-27.544177,-52.265587,0.0,CD8_Tcell,1,483.8852393102255
92.122313,-181.897073,0.0,epithelial_tumor_class1,1,844.9618890753931
332.844587,41.150630,0.0,CD4_Tcell,1,685.9253387282788
305.349146,290.554897,0.0,epithelial_tumor_class1_class2,1,2450.401302946372
163.435482,71.158687,0.0,CD8_Tcell,1,537.8635587454307
-148.148546,-14.204889,0.0,CD4_Tcell,1,588.2641324588575
-314.066868,215.133425,0.0,CD8_Tcell,1,552.0107792985241
-180.208168,-268.431424,0.0,mesenchymal_tumor_class1,1,908.0171241067981
-332.152239,160.977958,0.0,epithelial_tumor_class1_class2,1,2651.777809686986
431.719672,216.491543,0.0,CD8_Tcell,1,686.8284413432507
238.709544,95.704532,0.0,CD8_Tcell,1,673.6807470194033
150.400118,-283.165297,0.0,mesenchymal_tumor_class1,1,882.7698934607754
42.536404,329.743499,0.0,CD8_Tcell,1,700.0317081569731
39.911055,-266.135424,0.0,CD4_Tcell,1,850.0385436300576
-146.229111,-333.654149,0.0,CD8_Tcell,1,481.4006532585934
-129.711002,101.285637,0.0,epithelial_tumor_class1,1,2559.298385404608
331.965123,315.167117,0.0,epithelial_tumor_class1,1,2968.2255186597204
-59.667359,-191.587735,0.0,CD8_Tcell,1,432.12275616822416
-252.312861,391.193204,0.0,CD8_Tcell,1,571.0680051056876
364.899702,268.554193,0.0,CD8_Tcell,1,472.85231065561067
273.057731,257.711682,0.0,CD8_Tcell,1,416.01879552747005
-174.069803,374.672157,0.0,CD8_Tcell,1,370.6035168841085
47.110010,-149.203726,0.0,CD8_Tcell,1,323.8302436528252
174.930731,70.503840,0.0,CD4_Tcell,1,529.6379968009286
-149.261529,66.839053,0.0,mesenchymal_tumor_class1,1,1226.7323322372524
195.301089,321.656007,0.0,CD8_Tcell,1,819.914039864049
-116.531346,-248.129715,0.0,CD4_Tcell,1,629.3682012670786
71.128072,-324.380296,0.0,CD8_Tcell,1,702.9906870986199
98.447658,149.008287,0.0,CD8_Tcell,1,235.8968070361509
-170.317156,134.273771,0.0,CD4_Tcell,1,274.588593658742
12.533185,197.159634,0.0,CD8_Tcell,1,451.97533731063663
-316.776100,205.572723,0.0,CD8_Tcell,1,477.31305965092014
488.255818,49.767581,0.0,CD8_Tcell,1,344.76758635964444
-213.235209,-211.957568,0.0,CD8_Tcell,1,348.8735299186663
-179.738216,-73.551654,0.0,CD4_Tcell,1,500.38849272403655
-335.689425,-126.129526,0.0,CD8_Tcell,1,486.79720420998126
52.005536,325.523896,0.0,CD4_Tcell,1,480.3469141110093
172.605379,439.249904,0.0,CD8_Tcell,1,543.1903846891349
-416.494990,56.040080,0.0,CD8_Tcell,1,314.1451129708584
161.212878,-72.416740,0.0,CD8_Tcell,1,305.9487081224495
-267.398999,-275.006190,0.0,CD8_Tcell,1,475.5430865753286
144.369324,284.959914,0.0,CD4_Tcell,1,364.166328782312
488.511646,8.631074,0.0,CD8_Tcell,1,314.51399841617786
-159.830027,-222.772143,0.0,CD4_Tcell,1,413.77252217848275
-371.097019,304.251189,0.0,CD8_Tcell,1,360.124577851045
239.284257,-397.377362,0.0,CD8_Tcell,1,469.163619700759
24.769649,207.031167,0.0,CD4_Tcell,1,508.7250659651156
286.542376,355.641948,0.0,CD8_Tcell,1,322.2933475453006
-98.021623,105.266177,0.0,CD8_Tcell,1,698.4316072743696
-244.919569,-38.864045,0.0,CD4_Tcell,1,647.3478829985677
-306.247991,-58.884137,0.0,CAF,1,851.5704593714355
-261.714498,-310.609095,0.0,CD8_Tcell,1,353.65244346323914
395.469359,54.113024,0.0,CD8_Tcell,1,256.80411766870617
-369.277852,-292.370551,0.0,mesenchymal_tumor_class1,1,662.64812981792
354.969529,157.963339,0.0,CD8_Tcell,1,809.4875977002813
371.079066,-276.212095,0.0,CD8_Tcell,1,442.1782019032434
127.471281,-393.767780,0.0,CD8_Tcell,1,819.914039864049
111.024350,-367.663085,0.0,CD8_Tcell,1,266.1570073408532
6.191023,475.370759,0.0,CD8_Tcell,1,490.4122058661215
-108.598832,220.843881,0.0,CD8_Tcell,1,426.1249586944115
9.757350,398.159574,0.0,epithelial_tumor_class1_class2,1,2114.8416337982485
426.713097,-124.828026,0.0,CD8_Tcell,1,337.10916474373647
273.056396,227.257072,0.0,CD8_Tcell,1,379.25314370261395
-172.302699,-279.492908,0.0,CD8_Tcell,1,675.7082050903709
361.608953,-177.101779,0.0,epithelial_tumor_class1_class2,1,2237.202529342767
176.291161,-212.291674,0.0,epithelial_tumor_class1_class2,1,2801.9744086839273
-2.493548,317.655901,0.0,CAF,1,456.9635726311425
278.583491,-12.871972,0.0,CD8_Tcell,1,434.31008448947915
164.194845,123.467471,0.0,CD8_Tcell,1,559.4308979853058
279.883134,-161.775647,0.0,CD4_Tcell,1,222.20350359919306
418.079960,20.131129,0.0,CD8_Tcell,1,819.914039864049
-324.357041,-173.039764,0.0,CAF,1,675.2056122311562
309.420145,340.102694,0.0,CD4_Tcell,1,503.44273758268343
390.569539,-50.255682,0.0,CD8_Tcell,1,497.93881948062807
-486.396586,-27.453737,0.0,CD8_Tcell,1,359.9043156817498
351.370627,242.758999,0.0,CD8_Tcell,1,349.6050045260517
-231.649976,48.489238,0.0,CD8_Tcell,1,363.6363664723958
-19.584453,81.724946,0.0,CD8_Tcell,1,291.23792440785155
-167.959112,255.515075,0.0,CAF,1,443.3581172782599
-227.343695,-225.210599,0.0,CD8_Tcell,1,375.7924344245439
73.814630,-229.147439,0.0,CD8_Tcell,1,446.83978696561076
269.334897,-84.720523,0.0,mesenchymal_tumor_class1,1,769.7280442141277
42.185892,-32.638415,0.0,CD4_Tcell,1,429.0618482724967
221.121134,-405.192394,0.0,CD4_Tcell,1,331.3911646690485
395.134213,223.330726,0.0,CD8_Tcell,1,717.8719411493337
91.189655,95.555698,0.0,CD8_Tcell,1,287.8725544159391
68.501594,-285.190366,0.0,CD8_Tcell,1,460.25651615834084
243.056325,63.933704,0.0,CD8_Tcell,1,759.8196747888044
-482.364853,73.129747,0.0,CD4_Tcell,1,339.9278869080927
-56.640726,-437.563078,0.0,CD8_Tcell,1,445.27290358567217
301.976312,-256.306224,0.0,CD8_Tcell,1,376.5988827230878
101.726124,224.069132,0.0,CD8_Tcell,1,643.123000834363
-216.883628,201.862504,0.0,CD8_Tcell,1,342.5018052074424
-404.590774,78.210308,0.0,CD4_Tcell,1,850.0385436300576
0.060444,-398.180901,0.0,CD8_Tcell,1,533.8913746491394
163.254092,302.176936,0.0,CD8_Tcell,1,304.67693844486035
304.858490,113.880411,0.0,CD4_Tcell,1,323.8302436528252
-318.592038,267.264915,0.0,CD8_Tcell,1,341.70936056903884
409.970276,-179.091068,0.0,CD4_Tcell,1,308.06147440363145
-388.179870,134.288256,0.0,CAF,1,918.0814421765457
92.767700,75.845502,0.0,CD8_Tcell,1,455.6164438556854
341.284384,5.555717,0.0,CD8_Tcell,1,621.5165896687793
-404.660743,-114.910865,0.0,CD8_Tcell,1,819.914039864049
230.578479,234.502922,0.0,CD8_Tcell,1,310.0620826787935
217.824726,-174.687103,0.0,CD8_Tcell,1,283.770293649925
-331.260238,190.463830,0.0,CD8_Tcell,1,360.35717428289274
70.598801,419.492436,0.0,CD8_Tcell,1,616.9142131782863
-263.522133,-196.383091,0.0,CD8_Tcell,1,271.1807325578948
-307.096815,367.900670,0.0,CAF,1,760.9275771095024
206.550145,-131.024588,0.0,CD4_Tcell,1,676.7327767133235
-25.751405,10.912907,0.0,CD4_Tcell,1,428.93806324004646
253.537774,-367.989892,0.0,epithelial_tumor_class1,1,1892.8297292236618
-362.043113,-230.240747,0.0,mesenchymal_tumor_class1_class2,1,541.5822351465501
43.838518,76.213542,0.0,CD4_Tcell,1,850.0385436300576
291.846571,268.532482,0.0,epithelial_tumor_class1,1,658.228778717499
-267.205073,-387.967021,0.0,epithelial_tumor_class1,1,684.215380449016
-368.472159,324.470379,0.0,CD8_Tcell,1,429.32325043241
-137.229777,-437.989104,0.0,CD8_Tcell,1,448.41034187403045
212.261387,-208.801237,0.0,CD4_Tcell,1,403.58602629536284
-165.090349,34.133923,0.0,CD8_Tcell,1,296.1953026507825
-139.156294,-58.091050,0.0,CD8_Tcell,1,293.66690697305404
285.672882,74.745231,0.0,CAF,1,417.0302406412942
-359.700642,-161.342579,0.0,CD4_Tcell,1,431.0180543019103
-313.165222,293.597196,0.0,epithelial_tumor_class1,1,2114.8416337982485
10.815588,9.884715,0.0,CD8_Tcell,1,410.21134644183644
348.043034,-181.225869,0.0,CD8_Tcell,1,341.27226624193446
107.983283,442.553367,0.0,CD8_Tcell,1,562.3746303734786
-283.472757,318.549557,0.0,CD8_Tcell,1,423.3923457889139
-404.136173,128.987428,0.0,CD8_Tcell,1,524.9350876979756
368.954690,117.215743,0.0,CD8_Tcell,1,307.8850402023191
-357.749603,-43.976091,0.0,CD8_Tcell,1,374.20810543591216
168.493284,136.441444,0.0,epithelial_tumor_class1,1,2623.3900508161546
88.354354,-170.615532,0.0,CD4_Tcell,1,595.6282875561157
-89.418340,-327.655951,0.0,CD4_Tcell,1,217.5438929967571
426.197500,-23.397435,0.0,CD8_Tcell,1,306.0145853980043
-275.804362,97.895352,0.0,CD4_Tcell,1,362.2707014829379
-431.070729,20.605094,0.0,CD8_Tcell,1,489.1501806919927
279.882463,33.160955,0.0,CD4_Tcell,1,183.76722087221202
-421.275034,-50.465700,0.0,CD8_Tcell,1,460.71792134692026
-235.766841,-326.937929,0.0,CD4_Tcell,1,412.90041496425505
-400.602793,204.546611,0.0,CD8_Tcell,1,335.3437295925903
114.556695,-77.504198,0.0,CD4_Tcell,1,482.56005738087345
-287.531177,34.306625,0.0,CD8_Tcell,1,321.78213154479107
292.540558,294.195577,0.0,CD8_Tcell,1,508.8021151677176
-265.580459,44.733192,0.0,CD8_Tcell,1,453.85771380368743
270.927446,-371.956764,0.0,apCAF,1,861.646305713626
359.340734,-93.409029,0.0,CD8_Tcell,1,367.55539667525136
-251.197795,-114.781895,0.0,CD8_Tcell,1,306.1024364746158
8.445840,337.016427,0.0,CD8_Tcell,1,429.87391776652305
119.505573,-54.015953,0.0,CD4_Tcell,1,271.48475816496983
-318.626240,-68.496893,0.0,CD4_Tcell,1,613.7305523982716
-416.981359,-239.257594,0.0,CD8_Tcell,1,432.6343185217983
337.940977,-91.566328,0.0,CD8_Tcell,1,268.3742186005291
-324.005677,35.386899,0.0,CD8_Tcell,1,337.6130355645459
-143.133728,204.334250,0.0,CD4_Tcell,1,328.7350591590073
161.157694,-171.967493,0.0,CD8_Tcell,1,351.52848293612266
111.462834,76.980634,0.0,CD4_Tcell,1,396.888766928467
127.523102,-446.765182,0.0,CD8_Tcell,1,419.8303327342267
97.380070,293.307109,0.0,CAF,1,861.646305713626
-384.816623,-167.553969,0.0,CD8_Tcell,1,819.914039864049
283.361993,-364.252766,0.0,mesenchymal_tumor_class1,1,706.9169660129436
-356.352026,-296.311823,0.0,epithelial_tumor_class1_class2,1,2230.0547028363185
-162.566696,42.085894,0.0,CD8_Tcell,1,312.0268369420161
241.328277,-314.897815,0.0,CD4_Tcell,1,308.7678852488944
-249.723873,-344.704133,0.0,mesenchymal_tumor_class1,1,1339.3233036449215
-55.174780,-405.322926,0.0,CD8_Tcell,1,534.2893021375778
325.463557,-14.924291,0.0,apCAF,1,608.6282504772843
18.490368,-128.440329,0.0,epithelial_tumor_class1,1,1826.0332587744092
190.773672,383.181012,0.0,mesenchymal_tumor_class1,1,585.9922775662836
206.090589,389.379832,0.0,CD8_Tcell,1,334.0033353354424
72.642016,307.270794,0.0,CD8_Tcell,1,367.7787692204666
-391.881751,-214.138754,0.0,CAF,1,881.3688128717076
-73.485402,-462.031073,0.0,CD8_Tcell,1,414.56518963021296
-300.457736,-269.829014,0.0,CD8_Tcell,1,366.2665704582723
290.580054,-184.949259,0.0,CAF,1,414.35012901390775
358.732540,-313.467121,0.0,apCAF,1,569.1063164910804
-430.808403,-57.651318,0.0,epithelial_tumor_class1,1,1528.9600916312652
183.309013,-287.156664,0.0,CD8_Tcell,1,540.9719715407722
-104.966068,-49.794078,0.0,apCAF,1,89.13437104346151
273.850908,143.857391,0.0,CD4_Tcell,1,406.1134766308619
246.923143,-353.717688,0.0,apCAF,1,861.9594697086769
162.131196,-431.091218,0.0,CAF,1,895.7610231706748
205.968771,418.176360,0.0,apCAF,1,208.31902733637074
-190.729067,236.689108,0.0,CD8_Tcell,1,819.914039864049
-142.539521,-396.064010,0.0,CD4_Tcell,1,347.82008659715723
286.118587,-112.583709,0.0,CD8_Tcell,1,446.8539197130573
-175.881104,-204.017606,0.0,CD8_Tcell,1,191.38890059949685
291.535702,115.741992,0.0,CD8_Tcell,1,482.11391267628204
-271.195576,-297.282601,0.0,CD8_Tcell,1,487.8153992383889
-191.387411,181.492486,0.0,CD8_Tcell,1,819.914039864049
-319.012757,146.140813,0.0,mesenchymal_tumor_class1,1,799.0319334159125
315.587652,282.936474,0.0,CD8_Tcell,1,356.4166351753558
381.094213,-205.383746,0.0,CAF,1,666.5335572241363
-300.072453,-218.474545,0.0,CD8_Tcell,1,190.97964717378548
227.734628,-291.279817,0.0,CAF,1,918.0814421765457
318.337439,-254.973878,0.0,CD8_Tcell,1,315.57755339660764
399.447085,233.847402,0.0,CD4_Tcell,1,716.4577018665544
36.462223,-275.900456,0.0,CD8_Tcell,1,376.51062130055084
-30.766804,165.331136,0.0,apCAF,1,474.0420542584366
-77.727902,-209.337872,0.0,CD8_Tcell,1,456.54768623382705
170.115730,284.625899,0.0,CD8_Tcell,1,255.94539403580953
483.805668,1.002835,0.0,CD4_Tcell,1,447.24975763804696
-150.181620,128.213563,0.0,epithelial_tumor_class1,1,2107.321036716434
-133.622495,142.149054,0.0,CD8_Tcell,1,442.6976682248446
299.387925,278.759577,0.0,CD8_Tcell,1,275.5192167719906
86.750735,303.623652,0.0,CD4_Tcell,1,532.5557855890731
-307.362742,90.063013,0.0,epithelial_tumor_class1,1,2263.8197962820977
82.026525,-202.358298,0.0,CD4_Tcell,1,296.7543508895668
-333.981892,218.362132,0.0,CD4_Tcell,1,850.0385436300576
5.365495,455.985970,0.0,CAF,1,385.8663947478235
431.727808,161.401539,0.0,epithelial_tumor_class1,1,1292.4622026957024
-104.105682,479.317768,0.0,CD8_Tcell,1,383.76841873536694
116.770374,-187.440633,0.0,CD8_Tcell,1,282.7378338383227
7.200401,-158.549133,0.0,CD8_Tcell,1,247.68248175044243
-227.861387,220.384128,0.0,CD8_Tcell,1,248.23600460455813
214.935383,11.162998,0.0,CD8_Tcell,1,338.328690021997
-301.684171,-67.557273,0.0,CD8_Tcell,1,252.3944209799511
-318.524339,165.920863,0.0,mesenchymal_tumor_class1,1,864.6713154271353
185.270355,416.057763,0.0,apCAF,1,411.4407102119375
7.975598,119.637322,0.0,CD8_Tcell,1,541.8875389816344
276.427332,98.555475,0.0,CAF,1,835.1454438630321
-152.587602,39.104453,0.0,CD8_Tcell,1,262.5417226053987
174.362859,-321.271086,0.0,CD8_Tcell,1,348.5979931195856
-15.186103,-131.413926,0.0,CD8_Tcell,1,477.7710154289697
-80.961733,479.043979,0.0,CD8_Tcell,1,402.5568969379955
-137.745779,-325.218544,0.0,CD4_Tcell,1,640.298686844674
217.114994,-376.803706,0.0,CD8_Tcell,1,241.19794143591847
-77.311635,-125.871812,0.0,CD8_Tcell,1,537.3359960204624
374.762679,-244.542224,0.0,CD8_Tcell,1,470.3617945749676
-287.666367,370.675519,0.0,CD8_Tcell,1,819.914039864049
299.670186,-390.050799,0.0,CD8_Tcell,1,174.3206041852147
-39.101020,-294.404593,0.0,CD8_Tcell,1,249.61383233313438
367.191343,-50.274471,0.0,CD8_Tcell,1,370.5910414515394
-108.693880,-357.576987,0.0,CAF,1,461.28067572484446
-3.250936,348.254235,0.0,CD8_Tcell,1,455.9028449644485
-115.665899,-323.305438,0.0,CD8_Tcell,1,413.10156160176643
-104.177137,423.539730,0.0,CD8_Tcell,1,335.70566588098967
-428.383461,-69.950204,0.0,epithelial_tumor_class1,1,655.511463531341
122.190550,-195.408851,0.0,CD4_Tcell,1,721.9701351128099
-108.172229,34.291120,0.0,CD8_Tcell,1,312.5610785330353
-78.268362,311.478472,0.0,CD8_Tcell,1,440.76226821641603
184.661736,-40.127590,0.0,CD8_Tcell,1,312.48313035035505
-209.442025,-94.254279,0.0,CD4_Tcell,1,430.09431647676024
-190.952195,-58.198715,0.0,CD8_Tcell,1,692.0745050864491
-101.758823,-247.763731,0.0,CD4_Tcell,1,538.1194709851015
403.068916,-148.157697,0.0,CAF,1,689.1839903681649
-450.422504,-138.607494,0.0,CD8_Tcell,1,361.22723679796934
154.288969,-97.992629,0.0,CD4_Tcell,1,364.6968057523352
-275.934709,110.408336,0.0,CD8_Tcell,1,819.914039864049
-155.564142,371.869435,0.0,CD8_Tcell,1,386.78986745757857
30.006057,-170.143148,0.0,CD8_Tcell,1,608.0380122409442
-98.709932,-155.651405,0.0,CD4_Tcell,1,317.7118509527143
-239.946599,13.324012,0.0,epithelial_tumor_class1,1,1755.1916758858556
-84.130921,-256.688147,0.0,mesenchymal_tumor_class1,1,586.3648666220008
279.551672,280.032436,0.0,CD8_Tcell,1,371.83997109564456
-291.545390,344.475055,0.0,CD8_Tcell,1,300.7091029108256
409.406691,5.976531,0.0,CD4_Tcell,1,263.5045643317478
-84.100365,338.563293,0.0,CD8_Tcell,1,641.628859711664
385.125906,-70.763275,0.0,CD8_Tcell,1,174.5999358447436
-35.355564,142.364055,0.0,CD8_Tcell,1,331.15963308749156
-108.382349,-6.297381,0.0,apCAF,1,531.1114130589165
78.852062,411.739016,0.0,mesenchymal_tumor_class1,1,924.2793939712217
-138.586483,158.075988,0.0,CD4_Tcell,1,394.54283796938694
57.901836,-33.475118,0.0,CD4_Tcell,1,505.71086243219514
265.413295,223.353261,0.0,CD8_Tcell,1,286.9668980836099
11.197062,-397.425707,0.0,CD8_Tcell,1,302.44893575618966
152.938011,110.281599,0.0,CAF,1,521.089520569363
74.675703,80.555172,0.0,CD8_Tcell,1,477.8301278250008
217.192528,-39.196328,0.0,CAF,1,408.8245824934667
-350.285576,320.284286,0.0,CD8_Tcell,1,266.3171178282455
60.613738,455.224122,0.0,CAF,1,501.0441099717544
-349.322387,150.834216,0.0,apCAF,1,851.5704593714355
378.559862,-40.967111,0.0,CAF,1,598.8521568403164
389.940038,151.445964,0.0,CD8_Tcell,1,279.80027657827804
354.681394,317.914361,0.0,CD8_Tcell,1,389.8787491340727
-252.362435,-355.731565,0.0,apCAF,1,303.1576553508916
311.844624,-54.663719,0.0,mesenchymal_tumor_class1,1,744.6402677827753
459.151568,-43.419935,0.0,CD8_Tcell,1,293.7096408069469
400.094151,249.428881,0.0,CD4_Tcell,1,573.9688812194626
66.007735,386.898082,0.0,CD8_Tcell,1,260.35679722511924
394.563324,103.322222,0.0,CD8_Tcell,1,381.29650175068684
-295.226009,227.430973,0.0,CD8_Tcell,1,372.9664041363481
220.576262,127.846304,0.0,CAF,1,348.4902138764154
-263.429480,347.017168,0.0,epithelial_tumor_class1_class2,1,2559.298385404608
-225.469188,227.889566,0.0,CD8_Tcell,1,263.7829352044875
180.880022,282.978073,0.0,CD4_Tcell,1,287.48267839017365
-94.081729,-59.457806,0.0,CD8_Tcell,1,299.6792409866766
93.014131,104.402372,0.0,apCAF,1,503.93256710614145
82.304974,476.809479,0.0,CD8_Tcell,1,673.6993290945661
-145.923022,-306.209884,0.0,CD4_Tcell,1,474.88047644756546
-266.092054,106.105655,0.0,CD8_Tcell,1,503.62638643942756
-460.780979,-158.384872,0.0,CD4_Tcell,1,544.7049449967475
-257.912422,327.720123,0.0,apCAF,1,201.21280616411678
13.577118,313.070957,0.0,CD8_Tcell,1,327.11378948269095
-206.117588,186.776715,0.0,CAF,1,686.5461366769714
373.614806,-198.092501,0.0,CD8_Tcell,1,335.40208880891436
-167.513951,54.957130,0.0,CD8_Tcell,1,667.2533757517368
431.544540,73.211182,0.0,CAF,1,495.0582013738369
-9.488571,23.184883,0.0,CD4_Tcell,1,327.41234524503835
-147.877640,47.291347,0.0,apCAF,1,686.5461366769714
90.712874,407.852829,0.0,CD8_Tcell,1,389.904558663333
70.119278,-406.927415,0.0,CD8_Tcell,1,433.9219198166821
401.955955,140.548499,0.0,CD8_Tcell,1,341.26045805778335
267.357157,-393.188432,0.0,CD8_Tcell,1,199.68069352582373
188.255044,39.443877,0.0,CD4_Tcell,1,265.3873731096519
-110.723049,-430.847366,0.0,CD8_Tcell,1,318.97445985278046
58.290249,-284.126557,0.0,CD8_Tcell,1,688.1468863952191
-377.864951,102.132451,0.0,CD4_Tcell,1,376.6114926236199
-66.109270,-338.881223,0.0,CD8_Tcell,1,416.49059948460217
-149.465609,409.474209,0.0,CAF,1,478.7617913151295
89.840434,-59.687600,0.0,CD4_Tcell,1,257.37114345870776
19.922864,253.000274,0.0,CAF,1,552.0433223068752
-272.062195,21.777808,0.0,CD8_Tcell,1,226.8931983448837
-352.990392,-328.840163,0.0,CD8_Tcell,1,332.1907769915874
301.612703,9.396678,0.0,CD4_Tcell,1,366.7743050406299
208.643670,20.939615,0.0,CD8_Tcell,1,253.17744344525275
80.652725,199.023931,0.0,CD8_Tcell,1,272.9167225605191
70.789667,-247.835310,0.0,CD4_Tcell,1,850.0385436300576
-67.701177,-50.495704,0.0,CD4_Tcell,1,608.6282504772843
-78.391529,-328.704036,0.0,apCAF,1,760.9275771095024
66.354829,282.128803,0.0,CD4_Tcell,1,848.6627943934056
-27.972131,-427.072010,0.0,CD4_Tcell,1,392.0766278900889
338.843993,-262.410761,0.0,CD4_Tcell,1,320.42153237147494
-148.013017,258.106799,0.0,apCAF,1,167.36767580479744
-19.112698,467.996661,0.0,CD8_Tcell,1,440.76226821641603
-252.871896,227.094071,0.0,CAF,1,474.8068911173651
-16.965117,-200.479738,0.0,CD8_Tcell,1,267.34936652065164
-147.072663,164.220349,0.0,mesenchymal_tumor_class1,1,872.1985754443267
54.146139,-107.960242,0.0,CD8_Tcell,1,819.914039864049
275.451765,-167.647517,0.0,CD8_Tcell,1,195.22869126821467
-65.459700,-389.938951,0.0,mesenchymal_tumor_class1,1,541.5822351465501
106.888942,-24.746504,0.0,CD4_Tcell,1,322.10015791309615
457.445400,133.366969,0.0,CD4_Tcell,1,429.36453416054684
317.487993,294.168316,0.0,CD8_Tcell,1,243.32158625587036
147.729369,-360.073365,0.0,mesenchymal_tumor_class1,1,1339.3233036449215
-350.599096,-319.024594,0.0,CD8_Tcell,1,819.914039864049
-123.766591,-223.218827,0.0,CAF,1,429.6811306710606
-271.017613,-100.270339,0.0,CD8_Tcell,1,475.32214809330196
25.684575,-369.750841,0.0,CD8_Tcell,1,545.947691037043
-400.027475,-195.204826,0.0,CD4_Tcell,1,439.99248797794536
44.061617,-377.817608,0.0,CD8_Tcell,1,411.38720860799776
33.333849,487.505421,0.0,CD4_Tcell,1,288.716734288311
234.381228,18.830057,0.0,CD8_Tcell,1,415.1166220971061
483.929476,-51.801096,0.0,CD8_Tcell,1,460.84774709421924
147.710624,358.118655,0.0,CD8_Tcell,1,345.4099807127935
405.890215,162.230334,0.0,CD8_Tcell,1,225.56453842979556
90.365175,-34.546395,0.0,CD8_Tcell,1,274.85427179733597
343.964737,-249.212045,0.0,CD8_Tcell,1,819.914039864049
-350.288042,-234.275069,0.0,CD8_Tcell,1,251.42995564854948
-490.375786,-17.750287,0.0,CD4_Tcell,1,223.23408650146555
-285.504099,-386.353541,0.0,mesenchymal_tumor_class1,1,483.57233752700535
-282.943910,207.385132,0.0,CD8_Tcell,1,246.2262762019165
97.760310,215.164969,0.0,CD4_Tcell,1,354.99637620090016
-189.697230,192.946097,0.0,CAF,1,654.8132264116606
-234.590934,-134.877717,0.0,epithelial_tumor_class1,1,1093.6969199677594
141.344607,-0.659402,0.0,CD8_Tcell,1,252.51998233256052
-217.671937,58.629292,0.0,CD8_Tcell,1,282.5607950888372
-265.063503,-376.827947,0.0,CD4_Tcell,1,850.0385436300576
-117.674096,-408.008527,0.0,CD8_Tcell,1,222.66509590094714
108.397067,247.884164,0.0,CD8_Tcell,1,382.8752618114174
-325.187669,69.156263,0.0,CD8_Tcell,1,309.76310138112945
199.386280,-15.045914,0.0,CD4_Tcell,1,419.9794795929184
47.806565,-327.346647,0.0,CD8_Tcell,1,250.0550437749511
-270.450126,269.549446,0.0,CD4_Tcell,1,251.40105971313014
-237.461954,169.665564,0.0,CD4_Tcell,1,419.9930401495599
-396.392592,250.166538,0.0,CD8_Tcell,1,254.31133247333682
-400.980168,-19.991596,0.0,CD8_Tcell,1,819.914039864049
182.964234,-251.981450,0.0,CD4_Tcell,1,573.6683360765206
-162.068005,-357.334084,0.0,CD8_Tcell,1,203.6720837983408
282.622844,-383.077838,0.0,CD4_Tcell,1,703.353973303263
-79.561528,322.965210,0.0,mesenchymal_tumor_class1,1,1339.3233036449215
110.714424,133.427509,0.0,CAF,1,503.93256710614145
99.310762,91.436106,0.0,CD8_Tcell,1,268.85740683532737
107.267881,7.144143,0.0,CD8_Tcell,1,819.914039864049
-236.234203,-47.483825,0.0,apCAF,1,411.4407102119375
95.103336,-227.450567,0.0,CD8_Tcell,1,340.2224041450631
-397.063941,-176.887099,0.0,CD8_Tcell,1,309.51962914395887
-371.998037,152.329597,0.0,apCAF,1,338.6927705278228
353.016313,7.065710,0.0,CAF,1,918.0814421765457
-258.163956,384.555828,0.0,CD8_Tcell,1,212.4157284450536
129.971590,231.015610,0.0,CD4_Tcell,1,479.35395178154334
-152.516347,56.339836,0.0,CD8_Tcell,1,345.1124768124608
-274.976755,50.444506,0.0,CD8_Tcell,1,288.5055348129213
222.013266,-75.651257,0.0,CD8_Tcell,1,452.43119212834574
87.543004,-245.036773,0.0,CAF,1,862.2156947955367
258.259043,-156.620523,0.0,CD8_Tcell,1,381.7035074111598
214.096475,-279.764624,0.0,apCAF,1,552.0433223068752
177.236960,228.364005,0.0,CD8_Tcell,1,423.4605183237698
-387.318282,52.725138,0.0,CD8_Tcell,1,353.2535510077684
-335.932633,120.336902,0.0,CD8_Tcell,1,305.9706661636938
-315.858989,137.378917,0.0,CD8_Tcell,1,188.2741338123681
-3.990495,300.895215,0.0,CD8_Tcell,1,670.2489386131444
125.611169,166.157050,0.0,CD8_Tcell,1,447.26389902855516
122.711838,102.490510,0.0,CD4_Tcell,1,804.311173671777
-198.148040,206.025042,0.0,CD8_Tcell,1,243.0578060214349
280.891111,148.332730,0.0,CD4_Tcell,1,220.5576458291912
-363.241613,-115.475332,0.0,CD8_Tcell,1,324.3322116240778
150.866714,-169.519418,0.0,CD8_Tcell,1,382.04714363808296
-182.873551,-28.561327,0.0,CD8_Tcell,1,342.76227784874703
-367.172637,15.406218,0.0,CD8_Tcell,1,418.88204360935686
346.130970,-281.251281,0.0,mesenchymal_tumor_class1,1,467.6906177443662
-117.954768,-437.260234,0.0,CD8_Tcell,1,499.35287041158654
-391.035456,-22.080774,0.0,CD4_Tcell,1,313.676039714171
439.710499,-210.641607,0.0,epithelial_tumor_class1,1,655.511463531341
87.951135,-146.074671,0.0,CD8_Tcell,1,278.3236974514913
14.622883,80.760802,0.0,CD8_Tcell,1,222.46972891401433
155.928208,-314.792389,0.0,CD4_Tcell,1,337.5426978875091
120.556032,-245.112190,0.0,CD8_Tcell,1,296.9587938522826
88.886003,84.553739,0.0,CD8_Tcell,1,451.90413766720894
-463.980912,107.317086,0.0,CD8_Tcell,1,224.06262738423047
249.619215,-99.279693,0.0,CD8_Tcell,1,376.6241028056324
384.442514,-195.184694,0.0,CD8_Tcell,1,523.8972836097284
46.294768,-440.300305,0.0,CD8_Tcell,1,359.92878481970115
-380.144264,155.900093,0.0,CD4_Tcell,1,399.781740757989
-193.307278,263.996850,0.0,CAF,1,520.4947529567855
291.957796,-74.871745,0.0,CD8_Tcell,1,487.2462330674057
-277.936541,352.372530,0.0,CD8_Tcell,1,557.692534557416
56.294520,-422.048565,0.0,CD8_Tcell,1,166.13700016771776
-206.726254,380.695236,0.0,CD8_Tcell,1,177.8146104855547
232.540722,-319.518033,0.0,CD4_Tcell,1,784.1345305961271
-158.657801,49.911113,0.0,CD8_Tcell,1,391.8176262946256
-305.982822,-281.672307,0.0,CAF,1,613.1893746184312
377.807419,184.681607,0.0,CD4_Tcell,1,566.7516026462616
52.883858,-137.538338,0.0,CD8_Tcell,1,360.5163769018521
125.605972,473.706450,0.0,CD4_Tcell,1,495.2549413023826
-1.948321,246.234480,0.0,apCAF,1,89.13437104346151
-235.532715,152.470036,0.0,CAF,1,201.21280616411678
-97.708513,406.952996,0.0,CD4_Tcell,1,394.7509896458963
102.791085,-282.045221,0.0,CD8_Tcell,1,102.94715896034307
215.749891,-110.916432,0.0,CD8_Tcell,1,464.3767678197209
137.281291,258.228491,0.0,CD8_Tcell,1,199.73852329700318
137.433957,-404.935465,0.0,CD8_Tcell,1,201.8278388934845
-211.304362,351.230198,0.0,epithelial_tumor_class1,1,2968.2255186597204
-346.265033,304.226147,0.0,CD8_Tcell,1,229.14938887717204
-127.925798,1.937733,0.0,CD8_Tcell,1,819.914039864049
321.488586,200.976123,0.0,CD8_Tcell,1,182.71412360895596
201.015318,-122.783428,0.0,CD4_Tcell,1,332.24876984142344
164.621117,-183.683727,0.0,CD8_Tcell,1,473.4836547396648
322.178691,83.805317,0.0,CD8_Tcell,1,245.5429825424465
-410.068987,205.735022,0.0,CD8_Tcell,1,599.3676778561019
84.199735,102.043470,0.0,CD4_Tcell,1,307.6756121000022
-149.964293,-151.141051,0.0,apCAF,1,412.7127370226191
66.505232,0.728274,0.0,CAF,1,531.1114130589165
-410.165932,-71.100755,0.0,CD8_Tcell,1,422.2345318896893
22.235975,134.119355,0.0,CAF,1,569.1063164910804
177.694700,-177.637456,0.0,CD8_Tcell,1,440.21633152874705
-320.465546,234.938283,0.0,epithelial_tumor_class1,1,1754.1715564925757
-3.186427,-40.921285,0.0,CD8_Tcell,1,819.914039864049
439.016550,-104.237981,0.0,CD4_Tcell,1,297.8961268157746
-42.640467,232.805982,0.0,CD4_Tcell,1,317.2954724391183
66.277880,-413.991503,0.0,CD8_Tcell,1,156.67665677511175
124.579634,222.975724,0.0,CAF,1,271.9818218550553
188.100699,-426.559920,0.0,CD8_Tcell,1,290.4524591852194
393.593902,-136.040442,0.0,CD8_Tcell,1,352.39634497993154
-158.078638,-50.884044,0.0,CD8_Tcell,1,179.59438003021648
-162.243185,300.262311,0.0,CD8_Tcell,1,785.7805747313406
-457.744925,86.344153,0.0,CD4_Tcell,1,348.2747220408512
-90.662813,-142.832244,0.0,CD8_Tcell,1,227.8299659173403
-386.685601,97.532112,0.0,CAF,1,412.7127370226191
51.253387,-202.273143,0.0,CD4_Tcell,1,179.8407935060959
411.256131,250.144749,0.0,CAF,1,918.0814421765457
18.464106,72.880500,0.0,CD8_Tcell,1,525.9742614271888
-255.385120,400.516837,0.0,CD4_Tcell,1,426.6180742757648
-16.636994,15.137583,0.0,CAF,1,304.5346325441038
-189.461803,-121.826190,0.0,CD8_Tcell,1,562.8360343956392
229.782852,53.704271,0.0,CD8_Tcell,1,239.7486257729125
-36.426041,-156.734010,0.0,CD8_Tcell,1,165.48748660559593
-366.047437,-237.620100,0.0,CD8_Tcell,1,155.93293971190383
-50.989767,21.818079,0.0,CD8_Tcell,1,819.914039864049
-132.487374,-91.648479,0.0,apCAF,1,654.8132264116606
-326.767027,-249.620437,0.0,CD8_Tcell,1,564.6180996740529
-367.878285,-138.082357,0.0,CD8_Tcell,1,223.58129000354816
-153.033510,461.356520,0.0,CD8_Tcell,1,229.20372043640933
-46.691318,476.675839,0.0,CD4_Tcell,1,779.8246052276517
-253.258868,-132.505041,0.0,CD8_Tcell,1,371.86497826729357
-179.950997,-118.420755,0.0,CD8_Tcell,1,517.3406895220264
109.259111,-242.332016,0.0,CAF,1,823.6406382991067
252.881547,275.039509,0.0,CD8_Tcell,1,327.3434316446097
282.819323,-33.017640,0.0,CD4_Tcell,1,801.4287149972223
111.538030,216.937726,0.0,CD8_Tcell,1,263.0079607253425
-254.512714,105.957136,0.0,CAF,1,260.139959179873
-306.190990,166.754656,0.0,CAF,1,229.3758270299995
-338.588995,129.094030,0.0,mesenchymal_tumor_class1,1,514.4632688385166
-134.237701,-424.766310,0.0,CD8_Tcell,1,410.0111391766568
-99.981620,387.278512,0.0,CD4_Tcell,1,584.7401818418447
108.198190,53.102194,0.0,CD8_Tcell,1,174.81152020379733
40.617597,65.820903,0.0,CD8_Tcell,1,216.1387930426841
-224.758345,-28.721805,0.0,CAF,1,779.4354405380838
99.617408,38.376051,0.0,CAF,1,380.0772209149043
-291.957648,-45.508849,0.0,mesenchymal_tumor_class1,1,315.4094645097717
-343.185078,324.636030,0.0,CD4_Tcell,1,341.6030059981602
-51.079826,114.078238,0.0,CD4_Tcell,1,361.23950119034487
352.800911,90.619312,0.0,CD8_Tcell,1,312.7615762371346
6.727481,101.712479,0.0,mesenchymal_tumor_class1,1,398.4840612001257
42.500829,261.303393,0.0,CAF,1,338.6927705278228
473.140269,-110.457195,0.0,CD4_Tcell,1,593.661954911352
267.495578,-71.738433,0.0,CD8_Tcell,1,262.02652710075785
-149.721069,280.942485,0.0,CD8_Tcell,1,290.18741881468435
-138.398404,341.195433,0.0,CD8_Tcell,1,490.096496315726
373.359760,-190.481873,0.0,CD8_Tcell,1,151.15606987718274
191.724680,138.950516,0.0,CD8_Tcell,1,449.2040886600272
-137.040855,42.787434,0.0,CD4_Tcell,1,431.58397851025484
55.581272,281.240707,0.0,apCAF,1,503.93256710614145
294.291936,-1.896213,0.0,mesenchymal_tumor_class1,1,757.6673833499257
308.516338,184.035846,0.0,apCAF,1,414.35012901390775
-297.051916,372.083470,0.0,CD8_Tcell,1,209.4597215201407
122.538933,260.460549,0.0,CD8_Tcell,1,265.2575814341923
274.152390,385.662451,0.0,CD8_Tcell,1,128.0773263630081
-36.614839,250.892916,0.0,CD8_Tcell,1,294.9400121735247
132.213840,138.959867,0.0,apCAF,1,608.6282504772843
-360.646780,-320.058290,0.0,CD8_Tcell,1,331.7154901479972
-167.300985,-207.999819,0.0,CAF,1,853.309540780342
75.639669,-353.094051,0.0,CD8_Tcell,1,760.5245790189583
-229.793946,234.197010,0.0,CD8_Tcell,1,184.80866604203547
-179.524732,189.222531,0.0,CD8_Tcell,1,273.660068489764
179.444859,13.147315,0.0,CD4_Tcell,1,720.6671274616252
-119.904225,93.075593,0.0,CD4_Tcell,1,333.98005578602863
-182.169671,-400.393191,0.0,CAF,1,310.99347690090957
445.100822,-138.931413,0.0,CD8_Tcell,1,583.574295231863
-152.470613,-57.880470,0.0,epithelial_tumor_class1_class2,1,684.215380449016
-126.091827,29.694826,0.0,mesenchymal_tumor_class1,1,589.5552529070028
-44.561488,150.161188,0.0,CD8_Tcell,1,185.38195521536264
378.531798,5.226508,0.0,CD4_Tcell,1,552.3851011185477
240.784556,315.133058,0.0,CD8_Tcell,1,395.2716891057018
209.382273,-399.221505,0.0,CD8_Tcell,1,230.9468681644432
427.358767,236.894663,0.0,CD4_Tcell,1,292.7384713134154
-57.556581,-382.609088,0.0,CD8_Tcell,1,233.33976554353333
189.838210,-213.513814,0.0,CD8_Tcell,1,186.59524594272537
189.325089,287.401274,0.0,CD4_Tcell,1,184.94206601379233
-354.242329,238.870858,0.0,CD4_Tcell,1,175.12164845592721
-367.810784,253.982295,0.0,apCAF,1,412.7127370226191
214.336250,148.623384,0.0,CD8_Tcell,1,173.64991885034087
281.884417,168.100671,0.0,CD8_Tcell,1,176.73109145987317
-87.692721,38.158482,0.0,CD8_Tcell,1,180.0565901040659
146.378717,-230.577080,0.0,CD4_Tcell,1,189.1412419551664
-429.584204,-196.552113,0.0,CD8_Tcell,1,150.3410479708131
234.910183,367.249308,0.0,CD8_Tcell,1,479.56132324288455
-7.519663,467.500157,0.0,CD8_Tcell,1,249.21144064399581
-364.746254,-78.257570,0.0,CD8_Tcell,1,350.87852231431043
-42.320312,280.830000,0.0,CD8_Tcell,1,718.8222681547211
327.643240,49.436228,0.0,CD8_Tcell,1,335.77574813243484
66.798520,-353.511098,0.0,CD8_Tcell,1,135.76461078400672
21.271993,-486.953369,0.0,CD8_Tcell,1,768.956577042453
-154.467816,-316.920348,0.0,CD8_Tcell,1,692.5097244540557
-189.982467,-390.539285,0.0,CD4_Tcell,1,533.9072879538971
-417.050291,29.401950,0.0,CD8_Tcell,1,143.95929293248255
-135.209776,-366.444790,0.0,CD8_Tcell,1,469.33883511789423
-468.638724,-14.522802,0.0,epithelial_tumor_class1_class2,1,644.0489277216766
271.928544,-254.548733,0.0,CD8_Tcell,1,245.33445079808115
301.211199,-242.070185,0.0,CD8_Tcell,1,198.74046491082183
-129.544441,12.179182,0.0,CAF,1,397.777421065442
99.619611,261.713515,0.0,CAF,1,254.89412500329578
127.323515,-143.974170,0.0,CD8_Tcell,1,702.6657476004099
270.093848,-351.644148,0.0,CD8_Tcell,1,819.914039864049
253.626131,301.180717,0.0,apCAF,1,150.52571130428103
287.111073,-96.505780,0.0,CAF,1,339.97499823958316
130.915909,96.751576,0.0,CD8_Tcell,1,319.912298175576
-327.334660,78.432339,0.0,CAF,1,632.0178322325547
-277.717907,405.400510,0.0,CD8_Tcell,1,127.10905951713525
229.462409,416.142744,0.0,CD4_Tcell,1,484.9142954766663
21.292923,198.860867,0.0,CD4_Tcell,1,248.36973700882828
442.134755,-34.757183,0.0,CD4_Tcell,1,128.43399615595675
51.547115,49.733897,0.0,CD4_Tcell,1,250.57365068304352
329.642601,-55.108141,0.0,CD8_Tcell,1,201.91936953392155
-369.666214,-121.909252,0.0,CD8_Tcell,1,471.9723036863383
25.465343,-32.276155,0.0,CAF,1,474.0420542584366
251.315966,323.192907,0.0,CD8_Tcell,1,461.7138754045439
-3.781286,-201.350763,0.0,CD8_Tcell,1,648.8508860157395
-21.381528,-61.011096,0.0,apCAF,1,829.2836946046747
11.703841,222.151226,0.0,CD8_Tcell,1,170.14403572298235
54.637383,412.932811,0.0,CD8_Tcell,1,511.2563389685437
398.939230,-265.759720,0.0,CD8_Tcell,1,819.914039864049
-16.175877,294.476622,0.0,CD4_Tcell,1,456.9492275182058
360.308612,228.748050,0.0,CD4_Tcell,1,462.8269958252941
0.094253,-59.403658,0.0,CAF,1,425.0715151220896
10.495440,-235.027749,0.0,CD8_Tcell,1,286.3781907149638
-177.146007,-340.599305,0.0,CD4_Tcell,1,157.50029340660842
321.614013,-50.610906,0.0,CD4_Tcell,1,174.24516031705664
70.958853,21.175524,0.0,CD4_Tcell,1,325.0861357855707
-117.918214,-145.465780,0.0,CD8_Tcell,1,218.69165604752794
-479.941665,27.221292,0.0,CD8_Tcell,1,572.6672766860937
-172.947435,287.282185,0.0,mesenchymal_tumor_class1,1,580.5401487594773
-206.644569,149.153068,0.0,CD8_Tcell,1,395.7146434952909
-394.873897,20.459315,0.0,CD8_Tcell,1,222.10594089194524
353.810642,300.729737,0.0,mesenchymal_tumor_class1,1,211.87387378928923
295.647768,-315.920780,0.0,apCAF,1,125.2840316942024
-308.609811,64.359326,0.0,CD8_Tcell,1,591.4613980142532
92.846237,-161.766044,0.0,CD8_Tcell,1,110.35458107435709
148.655295,468.318861,0.0,CD8_Tcell,1,207.08936763114826
-147.545114,289.620681,0.0,CD4_Tcell,1,474.85104140321715
-140.884715,219.126705,0.0,CD8_Tcell,1,249.75764855482433
-76.287002,301.067749,0.0,CD4_Tcell,1,850.0385436300576
-53.973359,-313.420941,0.0,CD4_Tcell,1,310.02885303839076
181.499086,-64.106487,0.0,CD4_Tcell,1,359.9043156817498
239.951183,325.607377,0.0,mesenchymal_tumor_class1,1,502.937933441141
-311.664659,52.068698,0.0,CD4_Tcell,1,370.2792466201912
-118.318916,-0.466953,0.0,CD4_Tcell,1,288.03071262780315
-269.080924,148.222699,0.0,CD4_Tcell,1,350.84243690090034
-445.954379,91.900710,0.0,CD8_Tcell,1,250.400702120864
-69.286256,342.099654,0.0,CD4_Tcell,1,321.3168278680735
344.875515,96.121751,0.0,CD8_Tcell,1,556.3338798534803
-200.149135,16.232670,0.0,apCAF,1,89.13437104346151
-106.827737,-198.869662,0.0,CD4_Tcell,1,411.3604595453833
-393.112382,224.118660,0.0,CD4_Tcell,1,397.59435453659523
32.665330,98.862327,0.0,CD8_Tcell,1,468.7111817237682
-193.417011,-414.127018,0.0,CD4_Tcell,1,210.8528862275734
-157.729806,167.523812,0.0,CD8_Tcell,1,599.2645499938868
-372.913569,197.156413,0.0,CD8_Tcell,1,193.7676275267591
-330.561913,312.868206,0.0,apCAF,1,385.8663947478235
4.441440,368.953018,0.0,CD8_Tcell,1,102.94715896034307
-293.029586,-224.425540,0.0,apCAF,1,380.0772209149043
-251.845541,-307.417671,0.0,CAF,1,898.009794565269
-20.862280,-274.676127,0.0,CD4_Tcell,1,193.74333842893304
-340.009917,-277.011005,0.0,mesenchymal_tumor_class1,1,316.20561288236905
-128.814776,-439.813985,0.0,CD4_Tcell,1,241.31976173090544
337.048968,-50.236022,0.0,CD8_Tcell,1,130.37643385810316
132.855211,-318.641241,0.0,apCAF,1,443.3581172782599
82.382328,-361.407810,0.0,CD8_Tcell,1,536.7768368853198
81.178965,337.458395,0.0,mesenchymal_tumor_class1,1,485.3024339018045
182.401830,397.903406,0.0,CD4_Tcell,1,356.295097739854
53.458323,-276.602412,0.0,CAF,1,174.26024734893903
-229.590361,-253.018385,0.0,CD4_Tcell,1,373.041580451036
165.233137,55.613709,0.0,apCAF,1,208.31902733637074
-39.508966,134.517998,0.0,CD8_Tcell,1,192.63629788946528
404.005794,223.091749,0.0,CD4_Tcell,1,153.2861302287485
31.048795,-129.258310,0.0,CD8_Tcell,1,248.25510629395023
249.414577,333.131256,0.0,apCAF,1,632.0178322325547
293.487998,176.948802,0.0,apCAF,1,598.8521568403164
-440.808250,201.421869,0.0,CD8_Tcell,1,243.46297556797145
119.637262,419.064423,0.0,apCAF,1,634.7641812823294
465.461606,-87.198723,0.0,CD8_Tcell,1,120.21405162168064
173.211637,81.310464,0.0,CD4_Tcell,1,147.1978721939053
-101.079128,-370.124923,0.0,CD4_Tcell,1,172.5759070940223
189.557849,296.822347,0.0,CD4_Tcell,1,850.0385436300576
-327.145840,-197.292676,0.0,CD4_Tcell,1,270.4924483524811
309.121279,-288.607901,0.0,CD8_Tcell,1,235.30648880982295
91.644138,40.163865,0.0,CAF,1,208.31902733637074
-254.208006,-51.922790,0.0,CD8_Tcell,1,102.94715896034307
-392.845800,175.798021,0.0,CD4_Tcell,1,280.5042544484406
296.373064,-251.260798,0.0,CD4_Tcell,1,120.02260268922586
113.996374,-399.319241,0.0,apCAF,1,89.13437104346151
365.557083,32.431016,0.0,apCAF,1,503.93256710614145
-247.898577,355.481451,0.0,CD8_Tcell,1,300.6548409197422
-411.047941,256.552062,0.0,CD4_Tcell,1,154.3481871437333
-17.170351,-145.096897,0.0,apCAF,1,273.57854014903774
-131.971464,133.882739,0.0,CAF,1,192.27359365823116
417.084887,184.966881,0.0,CD8_Tcell,1,154.2090783357908
80.221172,-333.856223,0.0,CD4_Tcell,1,275.71378766150247
-352.015801,89.706340,0.0,CD4_Tcell,1,120.02260268922586
273.868914,22.991538,0.0,CD8_Tcell,1,126.04232187579127
366.308524,-112.587624,0.0,CD8_Tcell,1,188.40124943559852
-73.798202,73.347803,0.0,CD4_Tcell,1,169.83981407431534
-402.895528,-43.801002,0.0,CD4_Tcell,1,190.4669002235496
54.835264,-64.784553,0.0,CD4_Tcell,1,241.30101747787305
400.429912,7.443477,0.0,CD4_Tcell,1,561.7323808113224
153.869402,-36.294273,0.0,CD8_Tcell,1,152.3668720781009
379.869436,-78.251431,0.0,CD4_Tcell,1,171.58845054279686
117.501396,9.108629,0.0,CAF,1,411.4407102119375
436.385407,-74.757890,0.0,CD8_Tcell,1,259.3721399176623
74.106814,482.783703,0.0,CAF,1,165.18156342554502
148.913941,79.711973,0.0,CD8_Tcell,1,249.61383233313438
223.716780,116.388118,0.0,CD8_Tcell,1,130.10307335776645
420.784010,-219.472901,0.0,CAF,1,122.3885413479517
-459.490096,-40.020110,0.0,CAF,1,275.37590733792547
151.023601,63.815208,0.0,CD4_Tcell,1,144.59783990032207
148.825655,387.479660,0.0,CD8_Tcell,1,235.92450240077247
108.282344,-188.440765,0.0,CAF,1,119.26796328455498
410.631585,-122.234391,0.0,CD4_Tcell,1,136.69928159187654
155.114270,-440.217238,0.0,mesenchymal_tumor_class1,1,168.081004279459
-3.774608,260.263272,0.0,CD8_Tcell,1,142.27887706316992
-214.203785,-12.066993,0.0,CD8_Tcell,1,102.94715896034307
273.263985,121.086645,0.0,CD4_Tcell,1,120.2258313461538
268.081588,388.027981,0.0,CD8_Tcell,1,162.94242545737973
258.023676,-209.314868,0.0,CD8_Tcell,1,144.32489662649402
371.486784,262.537183,0.0,CD4_Tcell,1,286.2521439779019
457.762702,-34.375802,0.0,CD8_Tcell,1,102.94715896034307
467.346359,27.560668,0.0,CD8_Tcell,1,148.08270515601825
-236.737641,-340.973626,0.0,mesenchymal_tumor_class1,1,553.1668394899671
30.450612,468.627829,0.0,CD8_Tcell,1,562.9679104551
-256.065322,39.395468,0.0,CD8_Tcell,1,120.6917462260094
-355.133805,231.494382,0.0,CD8_Tcell,1,259.9724849942517
125.301535,-57.804775,0.0,CD8_Tcell,1,102.94715896034307
-169.797388,412.598528,0.0,mesenchymal_tumor_class1,1,300.31856226465715
-338.875475,209.859874,0.0,apCAF,1,254.89412500329578
-269.152133,-342.246767,0.0,CD8_Tcell,1,186.5241941201079
-38.789899,307.845236,0.0,CD8_Tcell,1,189.2448358696172
-0.008384,417.623170,0.0,CD4_Tcell,1,147.81215216849037
-297.140253,-277.942262,0.0,CD8_Tcell,1,339.257023257442
-2.298995,472.695139,0.0,CD4_Tcell,1,173.64991885034087
249.136077,-294.472936,0.0,mesenchymal_tumor_class1,1,349.5330109091277
304.367263,322.243811,0.0,CD8_Tcell,1,102.94715896034307
332.770702,232.252367,0.0,CD4_Tcell,1,120.02260268922586
-249.259601,346.817704,0.0,apCAF,1,411.4407102119375
-13.109724,-52.502801,0.0,CD8_Tcell,1,195.12292476832744
456.054085,86.563113,0.0,CAF,1,303.1576553508916
-215.252894,-220.677374,0.0,CD8_Tcell,1,403.18999999982026
411.435519,-87.989880,0.0,CAF,1,319.1438128312216
16.881171,427.302410,0.0,CAF,1,125.2840316942024
165.518773,433.465693,0.0,CD8_Tcell,1,178.41166292009416
316.252675,-297.006186,0.0,CD8_Tcell,1,179.15601376538444
-329.444927,-34.874328,0.0,mesenchymal_tumor_class1,1,130.53192277488657
47.555558,480.766096,0.0,CD8_Tcell,1,153.29998180230223
328.602239,206.385084,0.0,apCAF,1,208.31902733637074
89.908119,-48.331941,0.0,apCAF,1,417.0302406412942
62.049039,339.848743,0.0,CD8_Tcell,1,538.4714828387264
-211.591095,-294.690480,0.0,CD4_Tcell,1,173.43927302319258
214.619132,-421.443310,0.0,CD8_Tcell,1,102.94715896034307
148.454620,30.794242,0.0,CD8_Tcell,1,139.32746311998903
418.428120,-121.412370,0.0,CD8_Tcell,1,419.5050439817555
-215.791777,162.997476,0.0,apCAF,1,348.4902138764154
-295.824878,17.128798,0.0,CD4_Tcell,1,170.95458636140708
-275.564340,191.532129,0.0,CD4_Tcell,1,570.2694870899286
-200.893668,296.883898,0.0,mesenchymal_tumor_class1,1,105.08895364482582
-10.710917,325.773255,0.0,CD4_Tcell,1,183.67344879816852
-55.206570,-94.516581,0.0,CD8_Tcell,1,208.13214588873225
-199.236683,-39.541491,0.0,CD4_Tcell,1,120.02260268922586
240.871053,354.303928,0.0,apCAF,1,861.9594697086769
-92.905010,446.971837,0.0,apCAF,1,613.1893746184312
-87.082763,423.131875,0.0,CD8_Tcell,1,102.94715896034307
335.541068,-2.338158,0.0,CD4_Tcell,1,120.02260268922586
281.710865,268.936409,0.0,CD8_Tcell,1,115.79322888520375
164.163584,-451.073799,0.0,CD4_Tcell,1,321.2260892395389
-424.841231,-237.479665,0.0,CD8_Tcell,1,159.80330746797785
321.431732,-367.008535,0.0,CD8_Tcell,1,185.9958196246232
-93.450909,381.490302,0.0,CD8_Tcell,1,185.6493708074926
132.543659,128.093455,0.0,CD4_Tcell,1,140.93876012846778
471.202856,100.254541,0.0,CD8_Tcell,1,106.57126777093258
186.676471,-182.823971,0.0,apCAF,1,756.4622714505782
128.538873,254.611400,0.0,CD8_Tcell,1,355.15399609308355
-155.280559,-357.713643,0.0,CD8_Tcell,1,130.66885524252123
-59.098036,94.537079,0.0,CD8_Tcell,1,141.14186076496782
-206.826640,-189.506122,0.0,CD4_Tcell,1,211.84809419727634
-272.610666,177.866026,0.0,mesenchymal_tumor_class1,1,170.5155291197192
-107.589027,-258.106958,0.0,CD8_Tcell,1,200.24294111160557
-56.912061,-10.137191,0.0,CD4_Tcell,1,120.02260268922586
240.306644,158.769321,0.0,CD8_Tcell,1,239.2171152642448
362.472320,279.029133,0.0,CD8_Tcell,1,181.97547198677518
293.033056,360.864093,0.0,CD8_Tcell,1,283.9060555830534
225.474658,302.192710,0.0,apCAF,1,412.7127370226191
442.927395,-126.292558,0.0,apCAF,1,675.2056122311562
-470.957822,-23.413985,0.0,CD8_Tcell,1,163.42620522019627
-326.153378,-342.562178,0.0,CD8_Tcell,1,225.43016718327132
345.602000,308.550185,0.0,CAF,1,186.816411443347
274.983556,-206.635363,0.0,CD8_Tcell,1,182.02206466521756
405.599508,265.494313,0.0,CD8_Tcell,1,102.94715896034307
-350.498606,285.567625,0.0,CD8_Tcell,1,200.0112997561495
-197.016899,188.473795,0.0,CD4_Tcell,1,132.40744278310046
122.142953,-208.674435,0.0,mesenchymal_tumor_class1,1,119.54974635219007
-255.640511,-73.703092,0.0,apCAF,1,861.9594697086769
-385.539868,105.710210,0.0,CAF,1,150.52571130428103
-98.838420,-196.707777,0.0,CD4_Tcell,1,205.83926661026788
-152.087838,360.710862,0.0,CD4_Tcell,1,182.72969561419822
-396.782339,-245.149017,0.0,CD8_Tcell,1,148.59088146418074
-308.613535,-338.817016,0.0,mesenchymal_tumor_class1,1,181.50998243099542
-271.795081,-60.892532,0.0,CD8_Tcell,1,102.94715896034307
-268.455370,-55.894593,0.0,mesenchymal_tumor_class1,1,105.08895364482582
-395.217132,187.509665,0.0,mesenchymal_tumor_class1,1,111.37015903780012
275.160250,51.166119,0.0,apCAF,1,254.89412500329578
-231.905774,70.715397,0.0,CD8_Tcell,1,371.0028785705752
-319.368290,54.414432,0.0,CD4_Tcell,1,195.10665639041613
110.013372,-435.549645,0.0,CAF,1,273.57854014903774
-67.312026,-130.633073,0.0,CAF,1,119.26796328455498
-37.628031,441.147432,0.0,CD4_Tcell,1,120.02260268922586
-281.967699,222.347949,0.0,CD8_Tcell,1,112.11623939757268
322.066756,-143.565594,0.0,CD4_Tcell,1,231.66665944337595
371.856826,248.781435,0.0,CD8_Tcell,1,102.94715896034307
-168.458746,-77.538674,0.0,CD4_Tcell,1,207.0385896908029
-70.713050,313.373239,0.0,CD8_Tcell,1,102.94715896034307
-299.111459,386.785339,0.0,apCAF,1,167.36767580479744
-232.641211,-425.362932,0.0,CD8_Tcell,1,543.1742874564741
-432.672655,-94.519062,0.0,CD4_Tcell,1,120.02260268922586
-284.236794,361.899810,0.0,apCAF,1,174.26024734893903
-15.194765,153.418915,0.0,CD8_Tcell,1,145.21154994772704
-168.633763,-354.300798,0.0,mesenchymal_tumor_class1,1,192.62016802376152
324.216977,114.051267,0.0,CAF,1,119.26796328455498
-412.329411,-151.683989,0.0,CD8_Tcell,1,102.94715896034307
-92.221622,336.074333,0.0,CD8_Tcell,1,130.0968650640126
301.049347,301.255320,0.0,mesenchymal_tumor_class1,1,114.14671482836614
-117.212897,-274.411410,0.0,apCAF,1,348.4902138764154
-333.603790,-150.135236,0.0,apCAF,1,89.13437104346151
120.815553,-464.915434,0.0,CD8_Tcell,1,102.94715896034307
265.413224,394.290393,0.0,CAF,1,167.36767580479744
-335.188324,-211.031838,0.0,CAF,1,236.55284556797722
182.994018,289.806366,0.0,CAF,1,119.26796328455498
251.490457,6.026959,0.0,CD8_Tcell,1,132.95468425466422
225.369920,-355.208573,0.0,CD8_Tcell,1,102.94715896034307
159.647194,-82.982445,0.0,CD8_Tcell,1,114.5454637010869
250.267159,138.479118,0.0,CD8_Tcell,1,109.53882840852697
-72.961594,-301.690359,0.0,apCAF,1,552.0433223068752
-337.530824,27.912601,0.0,CD4_Tcell,1,216.19975816910485
-172.234274,-264.445169,0.0,CD8_Tcell,1,102.94715896034307
-28.306746,-9.063193,0.0,mesenchymal_tumor_class1,1,105.08895364482582
17.685663,-195.772525,0.0,CD4_Tcell,1,197.75394408382272
219.646580,-167.398549,0.0,CD8_Tcell,1,169.92881698830476
394.702860,-143.293454,0.0,mesenchymal_tumor_class1,1,108.12232442926793
-132.187612,161.905751,0.0,CD8_Tcell,1,102.94715896034307
-81.769154,-353.583835,0.0,mesenchymal_tumor_class1,1,169.9584915346216
-48.395679,-326.341222,0.0,CD8_Tcell,1,531.0321277096194
-340.229519,307.143882,0.0,CD8_Tcell,1,102.94715896034307
-66.278246,206.565200,0.0,CD8_Tcell,1,182.963381875146
-463.705950,-130.047901,0.0,CD8_Tcell,1,102.94715896034307
-53.143414,174.458094,0.0,mesenchymal_tumor_class1,1,150.2795271050358
225.345887,346.306637,0.0,CAF,1,236.44188051140466
283.270535,128.013458,0.0,CD8_Tcell,1,102.94715896034307
-465.969082,-57.324375,0.0,apCAF,1,408.8245824934667
-44.163168,331.688057,0.0,mesenchymal_tumor_class1,1,160.39503894571484
-408.658205,-104.770464,0.0,CD4_Tcell,1,201.60329005756105
-133.359573,-233.726135,0.0,CD8_Tcell,1,131.2112990612778
192.986024,-365.895225,0.0,CD8_Tcell,1,102.94715896034307
-131.857288,299.467306,0.0,CD8_Tcell,1,102.94715896034307
79.748022,-314.873393,0.0,CD4_Tcell,1,120.02260268922586
38.658015,140.271531,0.0,CD4_Tcell,1,142.80672322022056
-206.955096,-337.584882,0.0,CAF,1,119.26796328455498
-192.338474,-178.870073,0.0,apCAF,1,107.48152278064201
248.326762,-325.977415,0.0,CD8_Tcell,1,103.30603854162412
159.199922,-282.146566,0.0,CD8_Tcell,1,102.94715896034307
-99.430349,89.266352,0.0,CD8_Tcell,1,102.94715896034307
305.703277,260.176285,0.0,CD4_Tcell,1,120.02260268922586
286.812805,-329.388443,0.0,apCAF,1,686.5461366769714
101.287712,469.449961,0.0,mesenchymal_tumor_class1,1,165.74271093852454
461.735950,-143.847152,0.0,apCAF,1,634.7641812823294
13.594410,-35.266620,0.0,mesenchymal_tumor_class1,1,105.08895364482582
-422.735570,235.368857,0.0,CD8_Tcell,1,278.0557878983458
-324.149742,62.127586,0.0,CD8_Tcell,1,102.94715896034307
475.510943,2.571192,0.0,CD8_Tcell,1,102.94715896034307
81.230322,-7.624155,0.0,CD4_Tcell,1,174.72082027439166
119.431876,-354.328687,0.0,CD4_Tcell,1,120.02260268922586
-12.455996,-157.604797,0.0,CD8_Tcell,1,136.48123658440983
169.655033,347.115014,0.0,CD8_Tcell,1,114.00452910128494
374.775995,91.542597,0.0,CAF,1,207.39420963470445
-9.128991,-230.029667,0.0,CD8_Tcell,1,131.71142099931092
264.582977,-400.021395,0.0,CAF,1,220.63709636993212
-276.404512,373.884309,0.0,apCAF,1,861.9594697086769
