roi,x_min,x_max,y_min,y_max,vol_CAF_total,vol_CAF_nuclear,vol_CD4_Tcell_total,vol_CD4_Tcell_nuclear,vol_CD8_Tcell_total,vol_CD8_Tcell_nuclear,vol_CD8_exhausted_total,vol_CD8_exhausted_nuclear,vol_Treg_total,vol_Treg_nuclear,vol_apCAF_total,vol_apCAF_nuclear,vol_epithelial_tumor_class1_total,vol_epithelial_tumor_class1_nuclear,vol_epithelial_tumor_class1_class2_total,vol_epithelial_tumor_class1_class2_nuclear,vol_epithelial_tumor_class2_total,vol_epithelial_tumor_class2_nuclear,vol_mesenchymal_tumor_class1_total,vol_mesenchymal_tumor_class1_nuclear,vol_mesenchymal_tumor_class1_class2_total,vol_mesenchymal_tumor_class1_class2_nuclear,vol_mesenchymal_tumor_class2_total,vol_mesenchymal_tumor_class2_nuclear,vol_other_tissue_total,vol_other_tissue_nuclear
JHH317ROI1,-500.0,500.0,-290.0,290.0,274,59,399,86,408,88,408,88,399,86,274,59,941,204,941,204,941,204,553,120,553,120,553,120,175,38
JHH317ROI2,-500.0,500.0,-500.0,500.0,366,79,429,93,395,86,395,86,429,93,366,79,923,200,923,200,923,200,553,120,553,120,553,120,211,46
JHH317ROI3,-500.0,500.0,-500.0,500.0,399,86,498,108,484,105,484,105,498,108,399,86,1269,275,1269,275,1269,275,583,126,583,126,583,126,260,56
JHH317ROI4,-500.0,500.0,-500.0,500.0,351,76,442,96,432,94,432,94,442,96,351,76,1185,257,1185,257,1185,257,378,82,378,82,378,82,229,50
JHH352ROI1,-500.0,500.0,-500.0,500.0,387,84,404,87,406,88,406,88,404,87,387,84,1325,287,1325,287,1325,287,694,150,694,150,694,150,231,50
JHH352ROI2,-500.0,500.0,-500.0,500.0,529,115,408,88,405,88,405,88,408,88,529,115,3217,697,3217,697,3217,697,553,120,553,120,553,120,368,80
JHH352ROI3,-500.0,500.0,-500.0,500.0,400,87,514,111,432,94,432,94,514,111,400,87,2362,511,2362,511,2362,511,553,120,553,120,553,120,270,58
JHH352ROI4,-500.0,500.0,-500.0,500.0,493,107,462,100,401,87,401,87,462,100,493,107,2434,527,2434,527,2434,527,621,134,621,134,621,134,362,78
JHH357ROI1,-550.0,550.0,-550.0,550.0,440,95,669,145,485,105,485,105,669,145,440,95,1714,371,1714,371,1714,371,553,120,553,120,553,120,239,52
JHH357ROI3,-550.0,550.0,-550.0,550.0,468,101,590,128,678,147,678,147,590,128,468,101,2167,469,2167,469,2167,469,553,120,553,120,553,120,331,72
JHH357ROI5,-550.0,550.0,-550.0,550.0,516,112,423,92,593,128,593,128,423,92,516,112,2349,509,2349,509,2349,509,553,120,553,120,553,120,270,58
JHH361ROI1,-550.0,550.0,-550.0,550.0,294,64,423,92,396,86,396,86,423,92,294,64,1557,337,1557,337,1557,337,578,125,578,125,578,125,235,51
JHH361ROI2,-550.0,550.0,-550.0,550.0,941,204,952,206,1246,270,1246,270,952,206,941,204,2504,542,2504,542,2504,542,1355,293,1355,293,1355,293,977,212
JHH361ROI3,-550.0,550.0,-550.0,550.0,1227,266,996,216,1208,262,1208,262,996,216,1227,266,3042,659,3042,659,3042,659,1722,373,1722,373,1722,373,1006,218
JHH361ROI4,-550.0,550.0,-550.0,550.0,312,68,408,88,405,88,405,88,408,88,312,68,2958,640,2958,640,2958,640,553,120,553,120,553,120,1179,255
JHH362ROI1,-550.0,550.0,-550.0,550.0,575,124,543,118,405,88,405,88,543,118,575,124,3043,659,3043,659,3043,659,337,73,337,73,337,73,393,85
JHH362ROI2,-550.0,550.0,-550.0,550.0,312,68,408,88,405,88,405,88,408,88,312,68,3061,663,3061,663,3061,663,553,120,553,120,553,120,1066,231
JHH362ROI3,-550.0,550.0,-550.0,550.0,1036,224,1061,230,405,88,405,88,1061,230,1036,224,3054,661,3054,661,3054,661,1639,355,1639,355,1639,355,1023,221
JHH362ROI4,-550.0,550.0,-550.0,550.0,1314,285,962,208,1272,275,1272,275,962,208,1314,285,2599,563,2599,563,2599,563,1641,355,1641,355,1641,355,993,215
JHH368ROI1,-550.0,550.0,-550.0,550.0,412,89,509,110,489,106,489,106,509,110,412,89,1009,218,1009,218,1009,218,444,96,444,96,444,96,235,51
JHH368ROI2,-550.0,550.0,-550.0,550.0,436,94,432,94,441,95,441,95,432,94,436,94,1256,272,1256,272,1256,272,395,86,395,86,395,86,217,47
JHH368ROI3,-550.0,550.0,-550.0,550.0,460,100,403,87,380,82,380,82,403,87,460,100,1498,324,1498,324,1498,324,462,100,462,100,462,100,237,51
JHH368ROI4,-550.0,550.0,-550.0,550.0,474,103,399,86,316,68,316,68,399,86,474,103,2100,455,2100,455,2100,455,409,89,409,89,409,89,224,49
JHH369ROI1,-550.0,550.0,-550.0,550.0,509,110,544,118,497,108,497,108,544,118,509,110,1963,425,1963,425,1963,425,578,125,578,125,578,125,327,71
JHH369ROI2,-550.0,550.0,-550.0,550.0,409,89,476,103,380,82,380,82,476,103,409,89,2286,495,2286,495,2286,495,593,128,593,128,593,128,265,57
JHH369ROI3,-550.0,550.0,-550.0,550.0,409,89,377,82,405,88,405,88,377,82,409,89,1705,369,1705,369,1705,369,627,136,627,136,627,136,254,55
JHH369ROI4,-550.0,550.0,-550.0,550.0,427,92,469,102,455,99,455,99,469,102,427,92,1732,375,1732,375,1732,375,496,107,496,107,496,107,273,59
JHH372ROI1,-550.0,550.0,-550.0,550.0,413,89,577,125,604,131,604,131,577,125,413,89,1947,422,1947,422,1947,422,563,122,563,122,563,122,292,63
JHH372ROI2,-550.0,550.0,-550.0,550.0,365,79,438,95,487,105,487,105,438,95,365,79,1944,421,1944,421,1944,421,712,154,712,154,712,154,238,52
JHH372ROI3,-550.0,550.0,-550.0,550.0,368,80,421,91,394,85,394,85,421,91,368,80,2061,446,2061,446,2061,446,474,103,474,103,474,103,220,48
JHH380ROI1,-500.0,500.0,-500.0,500.0,364,79,396,86,397,86,397,86,396,86,364,79,767,166,767,166,767,166,369,80,369,80,369,80,232,50
JHH380ROI2,-500.0,500.0,-500.0,500.0,365,79,406,88,417,90,417,90,406,88,365,79,1026,222,1026,222,1026,222,418,91,418,91,418,91,226,49
JHH380ROI3,-500.0,500.0,-500.0,500.0,487,105,546,118,512,111,512,111,546,118,487,105,1583,343,1583,343,1583,343,553,120,553,120,553,120,255,55
JHH380ROI4,-500.0,500.0,-500.0,500.0,389,84,469,102,482,104,482,104,469,102,389,84,1379,299,1379,299,1379,299,745,161,745,161,745,161,253,55
JHH383ROI1,-500.0,500.0,-500.0,500.0,414,90,491,106,505,109,505,109,491,106,414,90,1446,313,1446,313,1446,313,527,114,527,114,527,114,264,57
JHH383ROI3,-500.0,500.0,-500.0,500.0,268,58,322,70,380,82,380,82,322,70,268,58,1121,243,1121,243,1121,243,385,83,385,83,385,83,176,38
JHH383ROI4,-500.0,500.0,-500.0,500.0,382,83,559,121,655,142,655,142,559,121,382,83,2002,433,2002,433,2002,433,673,146,673,146,673,146,298,65
JHH387ROI1,-500.0,500.0,-500.0,500.0,309,67,387,84,367,79,367,79,387,84,309,67,1385,300,1385,300,1385,300,468,101,468,101,468,101,165,36
JHH387ROI2,-500.0,500.0,-500.0,500.0,338,73,420,91,412,89,412,89,420,91,338,73,2466,534,2466,534,2466,534,581,126,581,126,581,126,252,55
JHH387ROI3,-500.0,500.0,-500.0,500.0,388,84,470,102,436,94,436,94,470,102,388,84,1898,411,1898,411,1898,411,513,111,513,111,513,111,236,51
JHH387ROI4,-500.0,500.0,-500.0,500.0,352,76,360,78,411,89,411,89,360,78,352,76,1723,373,1723,373,1723,373,584,126,584,126,584,126,236,51
JHH388ROI1,-500.0,500.0,-500.0,500.0,487,105,534,116,549,119,549,119,534,116,487,105,1406,304,1406,304,1406,304,622,135,622,135,622,135,345,75
JHH388ROI2,-500.0,500.0,-500.0,500.0,496,107,404,87,404,87,404,87,404,87,496,107,1342,291,1342,291,1342,291,710,154,710,154,710,154,274,59
JHH388ROI3,-500.0,500.0,-500.0,500.0,450,97,369,80,356,77,356,77,369,80,450,97,1955,423,1955,423,1955,423,553,120,553,120,553,120,247,53
JHH388ROI5,-500.0,500.0,-500.0,500.0,407,88,410,89,401,87,401,87,410,89,407,88,1842,399,1842,399,1842,399,572,124,572,124,572,124,235,51
JHH390ROI2,-500.0,500.0,-500.0,500.0,445,96,484,105,501,108,501,108,484,105,445,96,2084,451,2084,451,2084,451,676,146,676,146,676,146,294,64
JHH390ROI3,-500.0,500.0,-500.0,500.0,518,112,459,99,425,92,425,92,459,99,518,112,2535,549,2535,549,2535,549,663,144,663,144,663,144,297,64
JHH417RROI4,-500.0,500.0,-500.0,500.0,331,72,353,76,314,68,314,68,353,76,331,72,978,212,978,212,978,212,456,99,456,99,456,99,202,44
