roi,layout,folder,seed_base,seed_roi,iterations,sha1
JHH317ROI1,1,JHH317ROI1_wellmixed_r1,20260925,3660280235,118,e1e61748aaa863f5484a009d6ec2a469c03ee3cd
JHH317ROI2,1,JHH317ROI2_wellmixed_r1,20260925,1126309905,35,60d88b18b53cf61d1c7cddb36cfa92052e9f35bc
JHH317ROI3,1,JHH317ROI3_wellmixed_r1,20260925,874844295,89,71525842061f40e080bf22247d3d828f583c388f
JHH317ROI4,1,JHH317ROI4_wellmixed_r1,20260925,2856420644,102,babfa8e92d3b05b8aa53d9e6fab1b7113cf4f9ba
JHH352ROI1,1,JHH352ROI1_wellmixed_r1,20260925,2304425165,77,a5ed5d581be5cfb368848c5395e8014f9150b134
JHH352ROI2,1,JHH352ROI2_wellmixed_r1,20260925,273935735,30,b712368019087938cb84145c703a0f63965ef3bb
JHH352ROI3,1,JHH352ROI3_wellmixed_r1,20260925,1733615073,11,027d7610e2c229fb4d02e952989c404fa20ce85c
JHH352ROI4,1,JHH352ROI4_wellmixed_r1,20260925,4180691010,70,6d3ff13e5d36d16597501e565a39480a6cdf42ba
JHH357ROI1,1,JHH357ROI1_wellmixed_r1,20260925,1102721981,1,f423b45b7fd066d07ffea61cc4bc78cd0047245e
JHH357ROI3,1,JHH357ROI3_wellmixed_r1,20260925,2947830417,29,f22b3608aaf694d19e18f32df1f70f901ebbf8e0
JHH357ROI5,1,JHH357ROI5_wellmixed_r1,20260925,1188558756,13,c8e943981c4dab368314d1abcd4ac64c563209f6
JHH361ROI1,1,JHH361ROI1_wellmixed_r1,20260925,1215214771,175,cc4c096040dcb971b0c0f3118c3664e5b0eb6568
JHH361ROI2,1,JHH361ROI2_wellmixed_r1,20260925,3513246985,109,6bae08576cb3fac979cea45e2a995addf62cb24c
JHH361ROI3,1,JHH361ROI3_wellmixed_r1,20260925,2791363999,95,e88cacdaf5505db6e250a8d5c370caf9103abceb
JHH361ROI4,1,JHH361ROI4_wellmixed_r1,20260925,939802684,95,43847ad3a64dccfa56a4dbc7b4fcde2aa7a76028
JHH362ROI1,1,JHH362ROI1_wellmixed_r1,20260925,265211491,113,0c2f9620e6892d06f5da8cd7e44f132c4581de80
JHH362ROI2,1,JHH362ROI2_wellmixed_r1,20260925,2529664985,55,f6e2d290964b531a79b72d0cf8c58ae304d63db9
JHH362ROI3,1,JHH362ROI3_wellmixed_r1,20260925,3787501391,85,9068659accf7ee34ba43c08736d15dbba6c63ea9
JHH362ROI4,1,JHH362ROI4_wellmixed_r1,20260925,2141469420,49,dc166ae7a58a4b2e584419a3af178e5b85d8670b
JHH368ROI1,1,JHH368ROI1_wellmixed_r1,20260925,1165940418,122,05bddb939c4a0f77069dd1b0d3c9241ae617a5bb
JHH368ROI2,1,JHH368ROI2_wellmixed_r1,20260925,3698820984,49,4496f6a25717998dd2d704e86dfd68b6d1bccea0
JHH368ROI3,1,JHH368ROI3_wellmixed_r1,20260925,2876291054,38,d0765742726bf2d7acd1b8ed950b17d34dbffa5f
JHH368ROI4,1,JHH368ROI4_wellmixed_r1,20260925,890511949,25,8d436fddc60aed5e24da4260bf0c21adc28a27a2
JHH369ROI1,1,JHH369ROI1_wellmixed_r1,20260925,2015297394,72,bfcf9684c47495d95bc65db779189d03c1db2d25
JHH369ROI2,1,JHH369ROI2_wellmixed_r1,20260925,3776425672,32,5e91528f5a7c00e2cd2292c28b896cdc74d1c3d3
JHH369ROI3,1,JHH369ROI3_wellmixed_r1,20260925,2517671518,73,e88dde6f6fe4ad27ad8ed2a1a7a96cf552710ec9
JHH369ROI4,1,JHH369ROI4_wellmixed_r1,20260925,141822973,68,637b3849a6143d0f538471c2bc64f9c627594026
JHH372ROI1,1,JHH372ROI1_wellmixed_r1,20260925,3297910214,172,ed2ce21485d7cf2ef9728f716cef15a1c352061e
JHH372ROI2,1,JHH372ROI2_wellmixed_r1,20260925,1570458748,472,08679e2bbced6399dd819c81d59bc1a92c77a92e
JHH372ROI3,1,JHH372ROI3_wellmixed_r1,20260925,714898666,108,91c5feb1134459fd03f0abc968720f5cab413814
JHH380ROI1,1,JHH380ROI1_wellmixed_r1,20260925,1325726835,185,6eabb349933d8036f8c30f89999ef713bb0d3f0e
JHH380ROI2,1,JHH380ROI2_wellmixed_r1,20260925,3591220681,64,3a6a33b1b25f67016d88e525ec222de05c76fe77
JHH380ROI3,1,JHH380ROI3_wellmixed_r1,20260925,2701827423,23,5f31b5336c0fea4ae94acccf3e375b54f40b7f16
JHH380ROI4,1,JHH380ROI4_wellmixed_r1,20260925,1064175868,75,e43fe06c8c62c8a5c716d2fafbae73a641fd46f0
JHH383ROI1,1,JHH383ROI1_wellmixed_r1,20260925,145000099,55,d1b86218a546fec7ec776dcbbc087b9200cdc242
JHH383ROI3,1,JHH383ROI3_wellmixed_r1,20260925,3869960079,47,d9542e8f2514bbe475f1f94c0a553e5db367730f
JHH383ROI4,1,JHH383ROI4_wellmixed_r1,20260925,2026795564,115,67d3bd37eabc061a6a2a5515fe7975e66e017a9e
JHH387ROI1,1,JHH387ROI1_wellmixed_r1,20260925,4247003235,166,56f0dc556f19def6a0c85a6b5dbc6e57ce93f941
JHH387ROI2,1,JHH387ROI2_wellmixed_r1,20260925,1680699865,212,6cfd9ea246e7b72ba9104a1cf74e2d3797adb18a
JHH387ROI3,1,JHH387ROI3_wellmixed_r1,20260925,321536335,149,aa4884d72985cf08c7767071ce8111bcf7579042
JHH387ROI4,1,JHH387ROI4_wellmixed_r1,20260925,2370753772,377,b2fdc4645640ff03e3909f5d60e72d71d9707f9d
JHH388ROI1,1,JHH388ROI1_wellmixed_r1,20260925,2138355634,184,92f6381e2123dc51f549ac93e04d967d256b50ee
JHH388ROI2,1,JHH388ROI2_wellmixed_r1,20260925,3867010568,35,36f8cc7204ad2d7a5878a05b0cb3da80381866e1
JHH388ROI3,1,JHH388ROI3_wellmixed_r1,20260925,2440746654,37,ccf32aefe1687588e0e1a404cffbb5d4aad4b296
JHH388ROI5,1,JHH388ROI5_wellmixed_r1,20260925,2014933931,63,01c42d5cdbe15cd5036ee2aed98f6caf18811242
JHH390ROI2,1,JHH390ROI2_wellmixed_r1,20260925,491880044,83,5b6733e0995f3121baf8cc218b5a697f01e75731
JHH390ROI3,1,JHH390ROI3_wellmixed_r1,20260925,1784041210,16,d97d46d1fdbac77ec4316b7e896d9bbc35513fe5
JHH417RROI4,1,JHH417RROI4_wellmixed_r1,20260925,4189406014,56,d18f379bb0bf1c88d7370451d07bf8cd97587a94
