x,y,z,type
56.32184996603631,-26.48505719528118,0.0,CAF
65.3434163352122,-149.35489423471233,0.0,CAF
14.867568460347929,-37.939185066621086,0.0,CAF
-46.91929413218938,31.96618071525335,0.0,CAF
-40.66656988829355,183.83753784137744,0.0,CAF
-196.09048503476427,-26.143494758038667,0.0,CAF
-59.832432432534745,128.40520244373926,0.0,CAF
125.40968047013914,-29.134779838194625,0.0,CAF
-45.89596458965947,-54.155050055865864,0.0,CAF
60.947374176369365,-54.31917034729317,0.0,CAF
-42.905659378259884,195.02500840343248,0.0,CAF
5.864330077824539,-87.69939695033776,0.0,CAF
-115.65105540875062,33.27254666080222,0.0,CAF
92.54654211541553,100.6544562780715,0.0,CAF
43.75692886640341,131.8172921578164,0.0,CAF
-44.77489917674676,26.11863284841577,0.0,CAF
-16.866581664605576,-129.6763007412856,0.0,CAF
120.70419591103791,81.1868447092614,0.0,CAF
-128.65524232709038,-63.67468938932111,0.0,CAF
55.9665836559269,-181.5929096261163,0.0,CAF
-25.902690227325234,-96.92425815898972,0.0,CAF
97.69564122349632,-41.897685788498485,0.0,CAF
-168.85269072489774,-84.00148532198502,0.0,CAF
-171.57837275627276,71.2661393048964,0.0,CAF
-33.4609906732592,30.478494012998326,0.0,CAF
28.086170379487463,-41.09324635136476,0.0,CAF
-100.33661560159356,-6.9039131087930965,0.0,CAF
48.75306205118571,-58.48060370833544,0.0,CAF
-5.783986507431241,-138.68866585935658,0.0,CAF
-19.75095799085658,-88.58738482177617,0.0,CAF
-78.29335602157826,32.12460420837777,0.0,CAF
56.14091845445465,8.67341541874368,0.0,CAF
-135.09761014849076,-89.36374209569556,0.0,CAF
-114.49032507589556,-86.93259356476534,0.0,CAF
-0.24633789230408323,26.326471205835453,0.0,CAF
68.85916470471167,-22.14385253286124,0.0,CAF
-68.80535008095322,-112.23773418313753,0.0,CAF
13.23052785223247,-91.59632413228634,0.0,CAF
149.30443419923913,82.90973960394507,0.0,CAF
-9.486165694727822,-157.16851841426248,0.0,CAF
-46.90172577287794,-186.47806406649386,0.0,CAF
91.81954839855355,-160.296377159906,0.0,CAF
76.28205212317738,-77.25845840643109,0.0,CAF
-120.2696401948421,72.80637490981701,0.0,CAF
0.5098681272345889,172.23802484030284,0.0,CAF
133.74238390615977,-1.121469873364253,0.0,CAF
-48.48189805289517,56.86403824375478,0.0,CAF
128.82137312965023,31.877391497179485,0.0,CAF
92.01337993008418,-47.87811965202271,0.0,CAF
-8.700666152990994,111.34468847739633,0.0,CAF
129.42806385879862,-117.5050518971792,0.0,CAF
-52.18806746512647,27.191056450836108,0.0,CAF
46.18413188738213,-141.32205787571766,0.0,CAF
16.89974296414501,-184.199022591085,0.0,CAF
-14.901590561794805,184.75565154538495,0.0,CAF
21.54379601960567,32.02567328193877,0.0,CAF
117.87702198621797,-122.38520686258292,0.0,CAF
38.749220039493544,-15.873142816420678,0.0,CAF
-63.17441997083644,-65.62679151216625,0.0,CAF
126.22548805651653,-48.591049979405255,0.0,CAF
83.09060289248869,153.40286779523385,0.0,CAF
147.68275266167828,-56.636695659539356,0.0,CAF
41.64399165763288,140.48913187594275,0.0,CAF
-110.49185342594787,-133.79938406658178,0.0,CAF
109.37030976151769,-6.85327595797964,0.0,CAF
30.51434787732861,-54.946005144167785,0.0,CAF
107.91082878955717,-70.52602300766817,0.0,CAF
3.9168152111053174,70.06694258001421,0.0,CAF
-96.7916104267182,-4.453403306778484,0.0,CAF
84.93732064168132,178.91806102904565,0.0,CAF
185.7772318049947,-48.60246747159422,0.0,CAF
98.34782584667208,-45.10441588599036,0.0,CAF
61.51127497061388,163.77302915564098,0.0,CAF
-4.365080188923617,81.59867988600219,0.0,CAF
-128.85402944029124,69.36367897389458,0.0,CAF
86.5960175421103,135.0999163224351,0.0,CAF
-59.21279946142545,-112.6154773403655,0.0,CAF
-10.267110752900857,-139.9354249702226,0.0,CAF
-76.0352888092463,15.255455131347194,0.0,CAF
72.29340014347999,-171.7887544100129,0.0,CAF
64.82513744174447,-159.98694114445496,0.0,CAF
-70.49830352342397,-120.3931607286959,0.0,CAF
-139.3542712410844,-3.022160905199276,0.0,CAF
-95.76013469552655,109.38281304047214,0.0,CAF
-78.59734824826886,20.980036347557352,0.0,CAF
94.64318767504459,-40.61100068938985,0.0,CAF
-54.4860028103368,23.194936038662373,0.0,CAF
83.0940111394254,-167.45878802062865,0.0,CAF
55.71281153480309,83.36845882998762,0.0,CAF
-18.470602187439635,-105.88170010890434,0.0,CAF
-69.36798640199247,50.70733807911377,0.0,CAF
-17.461680808171234,90.14511267777236,0.0,CAF
-40.672616305130134,164.46762113548849,0.0,CAF
22.619067119928488,-131.2039606135141,0.0,CAF
37.55050823629738,164.51750363403667,0.0,CAF
130.19179784480292,-40.96810355094336,0.0,CAF
41.80335150997142,-51.39105229851791,0.0,CAF
-23.58720436225437,-54.70385853721464,0.0,CAF
78.61367040834949,155.44729956683685,0.0,CAF
-69.29880131191301,158.64733552222546,0.0,CAF
-63.50900742684194,-90.64996832722902,0.0,CAF
161.5320499373726,117.3261269725077,0.0,CAF
-40.521923225332486,-158.49145851691884,0.0,CAF
-76.67626229235945,-16.181704699794967,0.0,CAF
-111.98594634087574,60.11981329869841,0.0,CAF
171.76786059174145,-43.73526592892987,0.0,CAF
101.07029181198382,-110.65302934479995,0.0,CAF
188.44070869239064,56.54623764980369,0.0,CAF
-5.5764710343400115,-144.50743812902405,0.0,CAF
-106.88085545666628,-2.167546325154156,0.0,CAF
75.86652206554201,62.51538789587238,0.0,CAF
-137.9800185357201,-56.27947266918279,0.0,CAF
-126.29941472694296,15.164337055475224,0.0,CAF
55.898827259846364,96.16011072064889,0.0,CAF
-121.846222889577,147.90805510027536,0.0,CAF
-112.77005997459304,102.14928298805465,0.0,CAF
-43.337605728957946,65.00175434982043,0.0,CAF
17.392294184776453,6.962071729888829,0.0,CAF
-50.70538873772999,83.48727523522567,0.0,CAF
6.909012201669041,87.5508833997581,0.0,CAF
126.84361371720979,-24.86327000310227,0.0,CAF
87.04028466039884,-119.5234026222973,0.0,CAF
-58.39543647699175,188.93636972390544,0.0,CAF
-13.178235144271513,-139.85778956573574,0.0,CAF
75.01426512576349,32.47016218815386,0.0,CAF
2.1538606833332814,-5.991315190162861,0.0,CAF
125.57466646354459,-22.43486628939822,0.0,CAF
124.98682891855994,136.45216029000804,0.0,CAF
8.354463158998575,-150.42965274839702,0.0,CAF
39.55468412193122,-132.29896262538415,0.0,CAF
-89.16866368812008,-98.52612827326058,0.0,CAF
126.08830154802138,-128.5621507109716,0.0,CAF
-9.450127576064233,-99.19470085974402,0.0,CAF
-34.33215558280332,-31.997599820217765,0.0,CAF
79.33921184319078,-174.97875031094506,0.0,CAF
120.32372396083619,76.81829115102977,0.0,CAF
97.7473905089995,-16.857163413558066,0.0,CAF
-127.29347591833152,29.79255915990332,0.0,CAF
-31.629086909954523,186.50311763803126,0.0,CAF
133.3469059272117,-9.998414899029557,0.0,CAF
153.53219517277728,-53.23267753745465,0.0,CAF
-59.227868271100114,-142.91095424279445,0.0,CAF
77.64854086610443,-106.0712237583398,0.0,CAF
-71.8024151015914,63.12472955309179,0.0,CAF
-130.91426467554558,-132.12277253118313,0.0,CAF
122.17100117273583,-77.30449725206253,0.0,CAF
-141.06145533457791,-67.0733138523864,0.0,CAF
-62.0749356592066,-144.38795599485604,0.0,CAF
65.78581774559572,-65.30342897913864,0.0,CAF
37.533972186203094,-83.79337647810745,0.0,CAF
-68.51389568300812,-8.0935145016926,0.0,CAF
40.83015620874494,-112.90878230165563,0.0,CAF
-27.815694551140258,-186.06118608732905,0.0,CAF
-103.02622689178858,32.815118801242015,0.0,CAF
84.4983579927581,-98.06587107233692,0.0,CAF
-150.0988718817774,60.345615030547506,0.0,CAF
-90.62839054011705,-49.76253153096056,0.0,CAF
-5.981837700556153,-165.16416401759182,0.0,CAF
169.63233370217634,-46.29485860514028,0.0,CAF
94.26795248645969,-17.25893366747034,0.0,CAF
63.7074963969808,-119.75966730171099,0.0,CAF
-0.942153672971261,-145.9105879859401,0.0,CAF
-51.3051016687586,134.8177158343867,0.0,CAF
-58.05670812428581,-104.42198842339927,0.0,CAF
-6.895622054852313,3.558195148454202,0.0,CAF
-22.111655192115425,-23.846131505958848,0.0,CAF
180.65213949028882,-25.69240168204008,0.0,CAF
57.01378924190548,4.402231817217949,0.0,CAF
12.61701399251046,10.916104955711159,0.0,CAF
-157.05254000461179,-18.338072950384653,0.0,CAF
-128.06834698945735,41.87722033154924,0.0,CAF
-48.916326367903686,120.94553118715562,0.0,CAF
-109.09263059632676,-143.49429409658535,0.0,CAF
144.92094680790956,51.22112768965579,0.0,CAF
41.08539811268108,110.47710236707529,0.0,CAF
60.896597240090486,-148.3047429047986,0.0,CAF
61.78339536418423,-110.28175465786164,0.0,CAF
-115.33898830581137,155.07755510561967,0.0,CAF
2.2142346937860196,165.30790493183582,0.0,CAF
-3.595824199180813,60.93088217085434,0.0,CAF
86.30096391294998,-34.63940061585706,0.0,CAF
-12.084722514481419,110.87815812210671,0.0,CAF
-164.54659638857513,-101.92083029578971,0.0,CAF
59.6650923604971,-21.758250032971294,0.0,CAF
-7.039201716355319,-124.00134388944888,0.0,CAF
146.8804351041319,-119.92714506550061,0.0,CAF
-137.04949270142504,-117.03975661624813,0.0,CAF
12.843253342440246,-141.5841460296897,0.0,CAF
-129.56040924853696,130.47281190435945,0.0,CAF
127.27379130098576,-62.08696350397016,0.0,CAF
-26.85342408344933,-54.546411423490184,0.0,CAF
-57.25385505752503,-103.61125969657267,0.0,CAF
138.42501952849122,48.80239236235113,0.0,CAF
7.914197863332226,77.861925541361,0.0,CAF
-158.11032351780358,4.181135542362036,0.0,CAF
-56.1395732696969,95.99984126663944,0.0,CAF
39.22987283202613,-183.69800466068068,0.0,CAF
-43.98964982924396,-117.93238158844227,0.0,CAF
-16.463138225717294,-37.05279860236465,0.0,CAF
-169.64718456602014,52.83401113982908,0.0,CAF
68.95943125297521,118.91752644284716,0.0,CAF
100.28789939412991,16.073186698607596,0.0,CAF
-101.64240009683576,-130.9236106278057,0.0,CAF
181.37382154135403,58.317811386204376,0.0,CAF
-157.8889525045057,99.24775320728783,0.0,CAF
-85.65906992392554,24.46106287511768,0.0,CAF
-158.80787219937108,-74.12254820048803,0.0,CAF
95.79834850779025,18.633817052428334,0.0,CAF
-85.89338332282603,143.26224008486514,0.0,CAF
-95.55263675438921,-3.6114222926785096,0.0,CAF
-63.78170030359916,-62.52544771450872,0.0,CAF
-113.34148846246121,-9.433874376399878,0.0,CAF
185.024208770051,-58.85761208738973,0.0,CAF
-15.068803236714468,29.319506597690655,0.0,CAF
62.17265262334041,-49.575091592214,0.0,CAF
-78.87679177869822,-106.83226859956866,0.0,CAF
-35.68574493329781,-80.79343905844458,0.0,CAF
-50.9125683316126,-121.55719654339171,0.0,CAF
-76.36076042674263,163.71170352717616,0.0,CAF
8.12139092654448,-21.651728590059705,0.0,CAF
-15.59236812608232,-47.92817203319776,0.0,CAF
-71.65277328826372,-14.982985594451414,0.0,CAF
-61.46919050897742,-3.2071105915810305,0.0,CAF
-15.945863535794334,-84.17184130940393,0.0,CAF
67.59352728480603,150.82802236996886,0.0,CAF
-18.40940404090363,119.62901634218582,0.0,CAF
89.38455251103119,36.29825980650641,0.0,CAF
142.46790586296032,53.051862574627044,0.0,CAF
-51.13944090153409,-137.52167634379467,0.0,CAF
-181.636775664919,73.07905141467504,0.0,CAF
-29.096572705816378,92.5969893886231,0.0,CAF
48.25823806256634,28.666150724297875,0.0,CAF
-67.87911664175448,90.28294510711744,0.0,CAF
82.3056266986123,168.95850819830628,0.0,CAF
-86.23657075534423,-10.48495738945838,0.0,CAF
-40.2542736076578,-53.12016074420178,0.0,CAF
3.2034230119850298,-87.18827521101305,0.0,CAF
125.37641742000622,-60.03194387438387,0.0,CAF
-32.07905913372673,169.54815987182369,0.0,CAF
27.474154706709395,-102.40931683669014,0.0,CAF
-22.194872609286342,-113.20947578053372,0.0,CAF
-91.31174960878029,-35.158297789885,0.0,CAF
41.836000779784726,92.65774464806614,0.0,CAF
-48.94223621182934,-186.6986288430282,0.0,CAF
-50.73422969326917,-152.2112497070095,0.0,CAF
-58.738442148399606,52.539577924808995,0.0,CAF
-91.03494142717244,25.188558770745882,0.0,CAF
-104.74632709100253,4.13069295837297,0.0,CAF
-52.361363977321886,-59.92301807021192,0.0,CAF
-99.27438736538001,140.9419402098598,0.0,CAF
80.1644768607557,-66.09603103885061,0.0,CAF
-149.23314114078772,46.22510135197832,0.0,CAF
26.78430764359728,-60.62124085730686,0.0,CAF
64.21927759538282,-127.92392168071568,0.0,CAF
164.30474822861464,113.37726379359042,0.0,CAF
-119.38339023975458,7.739333045526082,0.0,CAF
17.57150771741481,-120.3000023044646,0.0,CAF
-30.64893717629345,185.85275908016533,0.0,CAF
28.911256905925686,-117.90516850505794,0.0,CAF
12.235152438857376,37.50771701514937,0.0,CAF
147.1082709845014,121.4417436554391,0.0,CAF
-194.51813085507416,1.4961968673439312,0.0,CAF
184.0521099670875,16.594088968243543,0.0,CAF
53.0514256127901,102.63402298529684,0.0,CAF
12.954490910943266,86.49603500135973,0.0,CAF
31.40464792303956,33.43982499329842,0.0,CAF
-30.942930551632713,6.303912795753899,0.0,CAF
160.91811733048453,85.13787456797247,0.0,CAF
-52.93331648265847,-158.3696402841714,0.0,CAF
79.34887223027565,34.15674182321874,0.0,CAF
-120.31409436366539,-153.21915219994062,0.0,CAF
-139.9072626860731,-76.71827453078957,0.0,CAF
109.00293135102028,-56.40150166482074,0.0,CAF
167.95746323985634,-80.5419487025115,0.0,CAF
-68.07867187721418,20.91969947713275,0.0,CAF
-171.02703199517705,-34.866566449115815,0.0,CAF
67.24225050725016,-63.204170903450986,0.0,CAF
62.31361813743957,59.03511844674187,0.0,CAF
-157.17646003440734,37.452938802149,0.0,CAF
114.16037767140199,162.84396659668806,0.0,CAF
147.8379527022282,107.70399213428576,0.0,CAF
82.18475648845038,109.22665708731064,0.0,CAF
-33.28088672317811,180.58674646669914,0.0,CAF
-12.917391943087246,3.0452574640205046,0.0,CAF
118.52797305096473,-54.65474363952919,0.0,CAF
63.99416055316153,-139.36745575981058,0.0,CAF
37.55551753423183,-72.80136031262312,0.0,CAF
-13.745679296772987,143.28820919625213,0.0,CAF
-72.98183819100198,-19.420401455834106,0.0,CAF
-107.82601140775061,-225.75196121051894,0.0,CD4_Tcell
-364.4300488877425,-26.364051438445614,0.0,CD4_Tcell
330.21358251617363,-154.60440108106425,0.0,CD4_Tcell
-91.67937547446496,-261.30650111968913,0.0,CD4_Tcell
-68.79388300594152,263.2383655940302,0.0,CD4_Tcell
321.33162676564837,107.97719635172051,0.0,CD4_Tcell
196.10752932019614,306.2299446213818,0.0,CD4_Tcell
-56.103147466199495,273.93820134718567,0.0,CD4_Tcell
141.35312347339922,211.42701055407755,0.0,CD4_Tcell
11.167778730779819,-344.6738857880291,0.0,CD4_Tcell
-380.8642733483107,-87.81373890167488,0.0,CD4_Tcell
-244.9444278820098,35.300722041578645,0.0,CD4_Tcell
-389.0744706431005,-32.6431666140664,0.0,CD4_Tcell
-348.05631486447834,-162.23183791656638,0.0,CD4_Tcell
-298.9247540717185,-223.4510482566098,0.0,CD4_Tcell
155.90564998046526,-360.47601636438895,0.0,CD4_Tcell
197.56601714882066,309.32904811049445,0.0,CD4_Tcell
20.876053415247792,-286.6407707707157,0.0,CD4_Tcell
-382.30359893759663,26.1352034380082,0.0,CD4_Tcell
390.6076832709186,30.04084918907712,0.0,CD4_Tcell
348.9938937198684,-147.84303527173046,0.0,CD4_Tcell
101.46101201964785,342.10537099267276,0.0,CD4_Tcell
-269.1403715064555,-49.44998837618575,0.0,CD4_Tcell
-279.51115684120435,68.12797906813711,0.0,CD8_Tcell
235.91207671038103,148.2977170282452,0.0,CD8_Tcell
293.52163641864144,-127.82912420640896,0.0,CD8_Tcell
325.62569391167284,68.23566033712784,0.0,CD8_Tcell
-283.4078447922352,-245.7535260489148,0.0,CD8_Tcell
-344.1525264249436,39.22764352609309,0.0,CD8_Tcell
-294.74967041712466,85.17677377808413,0.0,CD8_Tcell
-237.9201831035659,-170.4041227170671,0.0,CD8_Tcell
-339.2282272939808,122.0654368469928,0.0,CD8_Tcell
373.56363840317084,70.16128663621065,0.0,CD8_Tcell
-287.05063059969484,-132.7915950967394,0.0,CD8_Tcell
-176.91430309143854,262.420968928769,0.0,CD8_Tcell
276.78381775231134,-24.95321494711765,0.0,CD8_Tcell
192.31535047878864,337.30620895149224,0.0,CD8_Tcell
10.615853288954016,-211.05051207055018,0.0,CD8_Tcell
-267.43395378892694,3.741547931797287,0.0,CD8_Tcell
37.52441490177749,256.7594160840124,0.0,CD8_Tcell
-259.2400675672409,-128.50176277683536,0.0,CD8_Tcell
-125.57871156269387,-164.77593250682176,0.0,CD8_Tcell
-259.5983737679407,-114.40429410230703,0.0,CD8_Tcell
211.60987109139856,163.59765944855639,0.0,CD8_Tcell
-19.23512102873928,223.07878269141565,0.0,CD8_Tcell
208.3806538083932,284.8356402266803,0.0,CD8_Tcell
281.23335774869287,-60.87179415908299,0.0,CD8_Tcell
230.91177934847104,-152.2610113664173,0.0,CD8_Tcell
-283.3775847651972,68.00800312182493,0.0,CD8_Tcell
-36.7329279531548,376.0756071489824,0.0,CD8_Tcell
-36.94340665801557,-334.51222834589856,0.0,CD8_Tcell
-130.96001512473273,-210.89575725011693,0.0,CD8_Tcell
-37.03303741645328,-312.93309274860945,0.0,CD8_Tcell
40.36818347729292,-343.5663662030596,0.0,CD8_Tcell
-265.7273015099646,59.19577915988898,0.0,CD8_Tcell
-230.28138318027243,67.47654544400885,0.0,CD8_Tcell
-82.26540605407084,-344.3588799870497,0.0,CD8_Tcell
-115.03643181053496,-263.0307120608308,0.0,CD8_Tcell
358.1178162181561,34.30224769631632,0.0,CD8_Tcell
41.713547895693914,-223.21848338169283,0.0,CD8_Tcell
225.36965171298903,86.01640564808568,0.0,CD8_Tcell
372.2237271663398,-102.69915790338179,0.0,CD8_Tcell
95.09969724383417,-249.84632784947274,0.0,CD8_Tcell
309.16650254395086,-44.8399793618138,0.0,CD8_Tcell
-42.53262046511019,298.8550830132124,0.0,CD8_Tcell
-222.51006758022928,-83.96106026888759,0.0,CD8_Tcell
-301.8289562702332,102.74746847417462,0.0,CD8_Tcell
-166.6573666940753,349.7707864750544,0.0,CD8_Tcell
288.0378081178587,21.30340871798495,0.0,CD8_Tcell
-6.8507595183446295,-362.10318667960775,0.0,CD8_Tcell
-42.19047959155805,378.6510539830613,0.0,CD8_Tcell
182.87910187432252,194.75656668514372,0.0,CD8_Tcell
-241.26016717245287,-110.8578515628792,0.0,CD8_Tcell
-205.96146403818116,-254.4651072066177,0.0,CD8_Tcell
153.9225297232857,147.11353925382056,0.0,CD8_Tcell
174.7238535145488,97.58568401578879,0.0,CD8_Tcell
274.53399698914666,-264.55527221787605,0.0,CD8_Tcell
142.96606375861433,352.6494660384902,0.0,CD8_Tcell
-162.39295884574963,-251.51032130626882,0.0,CD8_Tcell
-373.210635438577,5.911643055432774,0.0,CD8_Tcell
82.90817750637311,285.9152923803472,0.0,CD8_Tcell
250.96728090934974,138.96521948920804,0.0,CD8_Tcell
-59.9632593324063,-209.93101586628936,0.0,CD8_Tcell
-149.78254769358452,-240.97350061547823,0.0,CD8_Tcell
151.31822825917766,192.5109770343051,0.0,CD8_Tcell
98.82537385367185,334.33009830039595,0.0,CD8_Tcell
279.6112256204296,-278.8457494689183,0.0,CD8_Tcell
186.3223979281453,330.5472224099786,0.0,CD8_Tcell
-167.78183962556858,164.04258551786657,0.0,CD8_Tcell
-219.2609843122982,-96.1441651837512,0.0,CD8_Tcell
217.09534149482033,-37.96580832666438,0.0,CD8_Tcell
295.3867727287547,-135.0885542351926,0.0,CD8_Tcell
376.9122486247329,-59.57222818676279,0.0,CD8_Tcell
202.42974443515251,245.73274388659152,0.0,CD8_Tcell
-334.8123074184092,53.41098452488605,0.0,CD8_Tcell
225.08312178571552,-283.18488543470016,0.0,CD8_Tcell
-267.44629482761565,98.40325864863796,0.0,CD8_Tcell
110.31400856069207,185.67908484840143,0.0,CD8_Tcell
216.91988676443376,-181.37241585746153,0.0,CD8_Tcell
106.84104254312699,226.51806673677595,0.0,CD8_Tcell
178.52942086595627,-245.82009780662082,0.0,CD8_Tcell
127.27762606335001,213.81783563014827,0.0,CD8_Tcell
333.4460537370852,-9.467544789275077,0.0,CD8_Tcell
-272.1713002445633,-224.78184498794306,0.0,CD8_Tcell
145.10758749173723,209.42126001223545,0.0,CD8_Tcell
261.57030472399555,-113.57457657069212,0.0,CD8_Tcell
222.08562383193112,-50.75902658943375,0.0,CD8_Tcell
85.52483195908178,184.58040775020402,0.0,CD8_Tcell
334.0417223794625,-108.72117441776464,0.0,CD8_Tcell
-380.06598197909733,33.90466019099025,0.0,CD8_Tcell
-290.94315403899896,-250.38360772861702,0.0,CD8_Tcell
-113.15283037638052,-193.27021440212465,0.0,CD8_Tcell
379.16612095709013,41.741913805424765,0.0,CD8_Tcell
29.229494761844155,-358.18807715352807,0.0,CD8_Tcell
-225.02039184498517,-84.03489193981258,0.0,CD8_Tcell
311.51153909439284,-159.61657454714398,0.0,CD8_Tcell
90.31100856754763,263.45989582235836,0.0,CD8_Tcell
-181.62482638152747,-233.08962007862186,0.0,CD8_Tcell
96.31719671189177,-309.62521570738926,0.0,CD8_Tcell
274.2688522759158,-88.49209148957628,0.0,CD8_Tcell
167.25011141376237,-321.4387554954137,0.0,CD8_Tcell
338.80391721488627,-91.06552468421336,0.0,CD8_Tcell
280.99749260974835,-8.188079205614219,0.0,CD8_Tcell
191.71409395502445,107.24238845965185,0.0,CD8_Tcell
-363.51263024989555,94.54862365234692,0.0,CD8_Tcell
-352.4524332055632,63.4822715029478,0.0,CD8_Tcell
-123.62381049298413,-224.29517719169314,0.0,CD8_Tcell
127.17803944969137,-226.5838387454328,0.0,CD8_Tcell
216.29592713592913,-202.78289260735062,0.0,CD8_Tcell
73.22128541946775,-268.7881302596468,0.0,CD8_Tcell
356.7176812779851,39.27270856559924,0.0,CD8_Tcell
316.9585879733859,-96.35465116464134,0.0,CD8_Tcell
282.38974676500607,71.35577790880937,0.0,CD8_Tcell
197.5194043394915,288.6963887639024,0.0,CD8_Tcell
256.8435027634552,-241.17164788646843,0.0,CD8_Tcell
-64.64731820249412,-297.159459955302,0.0,CD8_Tcell
321.3095374804641,-66.77235311896045,0.0,CD8_Tcell
-129.7456391543038,295.10628486921297,0.0,CD8_Tcell
75.0379781467107,198.45309016772157,0.0,CD8_Tcell
-159.83763007104392,215.37775565293254,0.0,CD8_Tcell
203.08864201658116,321.08512614685355,0.0,CD8_Tcell
246.9226575898287,-132.84714137203727,0.0,CD8_Tcell
-163.88750077397498,171.2398442991172,0.0,CD8_Tcell
374.1118984839784,-132.89036933363172,0.0,CD8_Tcell
-45.316130546903274,-269.2003399772116,0.0,CD8_Tcell
-263.00563546577706,283.62324958160093,0.0,CD8_Tcell
255.12609874704827,-17.69895014706667,0.0,CD8_Tcell
-152.66981831139708,-344.95810676460417,0.0,CD8_Tcell
-126.91028665277089,243.35711145790407,0.0,CD8_Tcell
-27.482617106368068,-276.419524156188,0.0,CD8_Tcell
-242.15678543139595,185.21963694542725,0.0,CD8_Tcell
-71.82721788690277,-229.28309414646864,0.0,CD8_Tcell
192.76300077734535,243.30945339130088,0.0,CD8_Tcell
376.33761234791064,105.7536373631753,0.0,CD8_Tcell
85.14592404651827,-294.0054597407406,0.0,CD8_Tcell
-251.237138044719,-36.77246848251885,0.0,CD8_Tcell
328.4044693118509,-37.217092951365316,0.0,CD8_Tcell
-0.10353481196170675,-274.62358669030766,0.0,CD8_Tcell
-225.41590238925284,-133.72842601160423,0.0,CD8_Tcell
351.68828634247143,9.533294015678145,0.0,CD8_Tcell
250.08178408771354,34.25826568268156,0.0,CD8_Tcell
124.55485540829225,275.22762958661434,0.0,CD8_Tcell
-346.12477831252085,72.73245400303747,0.0,CD8_Tcell
90.54386140949062,185.80312537084552,0.0,CD8_Tcell
48.256535020051956,288.0260600427096,0.0,CD8_Tcell
-253.40621615938895,-180.16101022813373,0.0,CD8_Tcell
-180.2945108905467,323.60568846659334,0.0,CD8_Tcell
167.51124519565255,-304.62477592946186,0.0,CD8_Tcell
-228.92846508287343,278.6637042206293,0.0,CD8_Tcell
327.11161454987615,-6.747509223442037,0.0,CD8_Tcell
-244.17491477042617,-131.11648635825435,0.0,CD8_Tcell
-216.14188187177513,-111.98491592280892,0.0,CD8_Tcell
120.44614290072423,209.94064981296987,0.0,CD8_Tcell
-371.05435158064824,75.42378335219314,0.0,CD8_Tcell
-55.67521240105797,242.92964806314333,0.0,CD8_Tcell
13.206815887060376,-298.97450401378336,0.0,CD8_Tcell
68.15360194366532,258.8157316876587,0.0,CD8_Tcell
280.60616000524834,-278.4715357827797,0.0,CD8_Tcell
-221.18399152178566,-86.98550439766194,0.0,CD8_Tcell
99.27969426548427,-363.58967929529604,0.0,CD8_Tcell
214.15673343963067,-35.32597545228872,0.0,CD8_Tcell
168.83238471281183,-252.7076654701986,0.0,CD8_Tcell
357.7060768700538,173.85645727990817,0.0,CD8_Tcell
105.88204335350159,287.30888417490615,0.0,CD8_Tcell
-245.7188602620766,290.9554843678152,0.0,CD8_Tcell
-71.14851950314448,237.72464639762637,0.0,CD8_Tcell
-216.56104196907953,297.2774761854411,0.0,CD8_Tcell
-251.88362059740604,-46.003783392741205,0.0,CD8_Tcell
46.37602305007969,-196.2443827811075,0.0,CD8_Tcell
92.76013298871688,382.83093337369104,0.0,CD8_Tcell
40.57368371731512,-302.8572778968131,0.0,CD8_Tcell
-167.39276723441787,225.69075149035314,0.0,CD8_Tcell
153.2504259182065,368.86378254775354,0.0,CD8_Tcell
-117.04015608961818,-164.62145002432533,0.0,CD8_Tcell
-338.74395256560655,-189.99325781243496,0.0,CD8_Tcell
169.00358451932132,315.19089848300723,0.0,CD8_Tcell
-101.75399690838606,214.8892354553082,0.0,CD8_Tcell
176.08655389872882,-263.68914728378917,0.0,CD8_Tcell
-175.45451183987885,-199.3057606358344,0.0,CD8_Tcell
181.30852077930948,190.13190513223037,0.0,CD8_Tcell
-296.5832024693856,-237.00877242827062,0.0,CD8_Tcell
-87.46244880661787,379.448243867666,0.0,CD8_Tcell
-207.97571718560928,-91.20412449878783,0.0,CD8_Tcell
330.21902702853725,166.16782199029382,0.0,CD8_Tcell
261.42268787030224,250.41225535045166,0.0,CD8_Tcell
250.30954129868493,-218.65560199998635,0.0,CD8_Tcell
-334.4905306704128,35.62811677931029,0.0,CD8_Tcell
115.47239142714572,215.37901747361352,0.0,CD8_Tcell
177.58203294663295,-296.0288444163317,0.0,CD8_Tcell
-164.60214442295225,-240.4535196667968,0.0,CD8_Tcell
-84.80273612001207,-364.78234223605875,0.0,CD8_Tcell
217.10730745393926,-296.0158616160012,0.0,CD8_Tcell
291.5352136499004,-195.75871985451505,0.0,CD8_Tcell
263.01211232188115,21.5652091526565,0.0,CD8_Tcell
333.15021919785517,-31.068899146314596,0.0,CD8_Tcell
-387.5698859231919,-74.91833302848849,0.0,CD8_Tcell
-323.7786278935662,75.54835929881834,0.0,CD8_Tcell
226.93498692072845,-118.06795717509806,0.0,CD8_Tcell
-22.60659462779099,284.7989905024577,0.0,CD8_Tcell
305.48305844373056,199.0011695426733,0.0,CD8_Tcell
169.34083337755638,350.6202026467115,0.0,CD8_Tcell
72.73878591248486,-282.39514826063856,0.0,CD8_Tcell
-72.39231337591613,-293.82132584917827,0.0,CD8_Tcell
279.8701575350186,38.09024059156166,0.0,CD8_Tcell
-286.98671097277764,99.04818362737284,0.0,CD8_Tcell
199.81512946455967,103.11831446300035,0.0,CD8_Tcell
328.94964214393485,-72.93510433442943,0.0,CD8_Tcell
301.79295116769936,-101.5586583028978,0.0,CD8_Tcell
207.0228777766253,310.4598574883314,0.0,CD8_Tcell
241.95418395787934,-9.88074584028473,0.0,CD8_Tcell
-255.02286672193708,176.03840553433412,0.0,CD8_Tcell
-246.82003464732392,110.6366841028593,0.0,CD8_Tcell
256.7337955492043,-127.18487208757442,0.0,CD8_Tcell
-106.85256736206699,-208.7737662221809,0.0,CD8_Tcell
226.04036121835375,216.05039560813992,0.0,CD8_Tcell
260.4053377144265,-45.09662724996463,0.0,CD8_Tcell
-145.24800617929247,254.7356191827934,0.0,CD8_Tcell
208.95047886631562,-321.34229439494453,0.0,CD8_Tcell
218.77246000511172,256.44579121290053,0.0,CD8_Tcell
312.655416937694,71.5740270406693,0.0,CD8_Tcell
56.95427296868761,-221.5017030333172,0.0,CD8_Tcell
347.397350683414,96.39774886146746,0.0,CD8_Tcell
114.61483482248781,-353.3149872868122,0.0,CD8_Tcell
-190.18699646694657,-336.7296783480034,0.0,CD8_Tcell
99.16542651663613,237.17124508782828,0.0,CD8_Tcell
-276.9087012618797,-225.04467570033728,0.0,CD8_Tcell
-287.7388317774466,132.61392794021816,0.0,CD8_Tcell
-222.6971632564759,99.5349815880572,0.0,CD8_Tcell
255.43936889897586,-66.7822206465691,0.0,CD8_Tcell
118.38971293763521,330.6609130924359,0.0,CD8_Tcell
287.62069046919976,-109.60836227730611,0.0,CD8_Tcell
121.77130605947589,-175.26281644997425,0.0,CD8_Tcell
273.0897806626415,-216.3108215912333,0.0,CD8_Tcell
84.10846825400888,-353.74030570252796,0.0,CD8_Tcell
-119.25628133337422,-376.9216147193683,0.0,CD8_Tcell
-260.0204460264132,152.20421938139964,0.0,CD8_Tcell
193.92827535816048,-296.0173998334302,0.0,CD8_Tcell
310.7374872967692,35.77052658347589,0.0,CD8_Tcell
247.35193820996687,190.96001135849062,0.0,CD8_Tcell
135.04121974742336,341.33903772049206,0.0,CD8_Tcell
-105.33788119152437,-374.20466315643773,0.0,CD8_Tcell
322.3377946933822,142.39132488732312,0.0,CD8_Tcell
396.94703881322295,-27.46578518358296,0.0,CD8_Tcell
-329.2057366853623,-1.1573899900042033,0.0,CD8_Tcell
99.1104079089807,-232.79727129885507,0.0,CD8_Tcell
-346.70693767444266,146.46347102930133,0.0,CD8_Tcell
-125.01222969369094,-341.5835927243868,0.0,CD8_Tcell
278.64792865230874,12.289162261891699,0.0,CD8_Tcell
308.7180290523878,-221.871965258805,0.0,CD8_Tcell
340.3744236360693,-30.3546993334081,0.0,CD8_Tcell
-212.52319214156012,-29.015773487456237,0.0,CD8_Tcell
-208.5621402084085,-198.93281794186979,0.0,CD8_Tcell
-133.32350187521195,-259.41170758861506,0.0,CD8_Tcell
-82.79124490126249,223.66999928770488,0.0,CD8_Tcell
-333.6456579256197,125.68632754986658,0.0,CD8_Tcell
-379.53453002971224,-60.5736917799667,0.0,CD8_Tcell
-117.43204622852227,-354.27319775902265,0.0,CD8_Tcell
373.2217977576224,31.41965586794864,0.0,CD8_Tcell
248.72566116273998,88.06346434187977,0.0,CD8_Tcell
324.50672758087495,0.1861635851999268,0.0,CD8_Tcell
330.17908223644736,-145.6207372707386,0.0,CD8_Tcell
-79.87606894904121,-280.8885987331192,0.0,CD8_Tcell
47.24702217411505,-339.954885663457,0.0,CD8_Tcell
-195.37235116760647,165.0625501472668,0.0,CD8_Tcell
272.3400361379357,-168.41869563906474,0.0,CD8_Tcell
235.12379321006705,-101.40547650798186,0.0,CD8_Tcell
203.61962803844463,-14.603030832382125,0.0,CD8_Tcell
-213.0733664199382,-139.34393991794693,0.0,CD8_Tcell
171.82145624399436,-233.31841496324108,0.0,CD8_Tcell
107.84079424112433,-209.34627077227196,0.0,CD8_Tcell
-319.9629846506875,30.81450142752189,0.0,CD8_Tcell
-230.08198609169997,156.45516429174836,0.0,CD8_Tcell
274.2056970612629,186.1356914698654,0.0,CD8_Tcell
-211.19584278505727,172.00084728153507,0.0,CD8_Tcell
-24.47516209354309,-212.81806064984576,0.0,CD8_Tcell
-180.44028908694662,-248.1456135466142,0.0,CD8_Tcell
243.4619642354722,-259.21663525743907,0.0,CD8_Tcell
119.6420348553209,-215.04360768206877,0.0,CD8_Tcell
223.44729726786116,-193.3253557581357,0.0,CD8_Tcell
150.02005130084774,-212.29795645248166,0.0,CD8_Tcell
-254.18687604161468,-13.5438144869207,0.0,CD8_Tcell
-146.79873507341495,-367.7653268490576,0.0,CD8_Tcell
276.8087076276131,-62.96691595522109,0.0,CD8_Tcell
-56.394404537577465,-379.0933842997856,0.0,CD8_Tcell
-183.2899984899484,-289.764675592704,0.0,CD8_Tcell
-201.33179010886954,314.27685076985097,0.0,CD8_Tcell
210.7251896447474,-33.992404489468115,0.0,CD8_Tcell
-11.75371739750118,-303.659344237885,0.0,CD8_Tcell
214.43842855633207,-280.55370189646425,0.0,CD8_Tcell
320.2037590481917,-169.70984100215475,0.0,CD8_Tcell
220.96810090042766,327.7026602483589,0.0,CD8_Tcell
283.7650614104669,-242.09148814334722,0.0,CD8_Tcell
-334.02968619185765,51.97448113709505,0.0,CD8_Tcell
-177.74100972853486,205.2760642667984,0.0,CD8_Tcell
90.5720572842761,200.51947439541942,0.0,CD8_Tcell
128.92287121487186,-317.6423359540633,0.0,CD8_Tcell
-258.28035304150154,-47.913308123809365,0.0,CD8_Tcell
-180.31748172913137,199.15007179659173,0.0,CD8_Tcell
-61.243337597413905,-334.0773402448766,0.0,CD8_Tcell
-332.3966721611759,-144.67709220888793,0.0,CD8_Tcell
-105.51095102232642,-233.894869072526,0.0,CD8_Tcell
97.26001147411834,274.9317941910981,0.0,CD8_Tcell
-322.4733818263906,-45.69672881224425,0.0,CD8_Tcell
77.83202480565663,-249.01994398301954,0.0,CD8_Tcell
-210.34934446950712,-334.09347355790754,0.0,CD8_Tcell
-128.8334380671758,170.0002211930618,0.0,CD8_Tcell
-242.74177515090918,132.56515987527447,0.0,CD8_Tcell
-146.61561159430298,195.5018126241185,0.0,CD8_Tcell
-270.35257699726,182.39490477112096,0.0,CD8_Tcell
-363.2823816269925,-91.1259934121809,0.0,CD8_Tcell
-252.3665568912704,-205.79054507633847,0.0,CD8_Tcell
307.56126075970667,232.63312289191606,0.0,CD8_Tcell
2.1330906090215627,376.6562666539394,0.0,CD8_Tcell
-301.08256431965276,55.21286377629696,0.0,CD8_Tcell
-272.23214280553566,291.55684332613896,0.0,CD8_Tcell
320.9084168986734,6.338426430130942,0.0,CD8_Tcell
-195.79698065530206,64.41442234285778,0.0,CD8_Tcell
-264.80472403335483,-137.97277357116423,0.0,CD8_Tcell
-111.72092290613155,334.9748059530617,0.0,CD8_Tcell
-156.3143430677076,-138.1566201586068,0.0,CD8_Tcell
-319.55165046532346,-65.65112205736699,0.0,CD8_Tcell
224.3219526418114,305.24716493118086,0.0,CD8_Tcell
-145.29279756642785,353.7852863594151,0.0,CD8_Tcell
-237.35475218864357,-221.25063858750335,0.0,CD8_Tcell
248.65385758844562,142.60868366973872,0.0,CD8_Tcell
127.96600613813277,-290.5356779222603,0.0,CD8_Tcell
256.1194400443233,-252.37346360943292,0.0,CD8_Tcell
33.83437456661644,251.53996113067444,0.0,CD8_Tcell
-66.07824184695497,261.8296362029163,0.0,CD8_Tcell
-269.10696406503007,-154.8079346893191,0.0,CD8_Tcell
-262.77854237058136,27.788824357915626,0.0,CD8_Tcell
-220.4167778831138,19.853082729434842,0.0,CD8_Tcell
80.29475123725757,298.11529374935526,0.0,CD8_Tcell
-31.140057845103982,-327.00614215487957,0.0,CD8_Tcell
-160.39928408751777,154.8927387452729,0.0,CD8_Tcell
-261.3179694453343,-32.78866742889836,0.0,CD8_Tcell
343.32056001667365,-40.67150517140926,0.0,CD8_Tcell
-287.3113052735984,-136.27725716503963,0.0,CD8_Tcell
-208.84962962262028,-55.67571236610545,0.0,CD8_Tcell
300.9671989473127,16.24047755711289,0.0,CD8_Tcell
-146.05076977337134,312.8027276985057,0.0,CD8_Tcell
-399.4793614018538,-17.280020581198656,0.0,CD8_Tcell
-364.4076707262967,158.99195500117784,0.0,CD8_Tcell
259.9711828927271,-208.15486731812607,0.0,CD8_Tcell
-195.38117830333206,-293.1426416598015,0.0,CD8_Tcell
-235.05631671685342,78.9938705125222,0.0,CD8_Tcell
91.84840421985575,257.63919201426125,0.0,CD8_Tcell
24.026974999007866,-198.66470812290225,0.0,CD8_Tcell
-353.7280222069557,86.86477237839767,0.0,CD8_Tcell
-212.2746669002239,-202.8640683231522,0.0,CD8_Tcell
5.098088760583135,-342.71743992649664,0.0,CD8_Tcell
221.11542248798222,249.32574916874367,0.0,CD8_Tcell
255.1256988334725,-72.76711461096312,0.0,CD8_Tcell
203.71758949273234,-134.36719661428592,0.0,CD8_Tcell
196.69704810112836,-347.4743085443487,0.0,CD8_Tcell
233.25201504387616,193.05600003931863,0.0,CD8_Tcell
-370.6470679717644,127.28273551598947,0.0,CD8_Tcell
233.42279321402322,-255.25588495276762,0.0,CD8_Tcell
46.36281062702309,267.8357384743197,0.0,CD8_Tcell
-245.5515730140662,56.173905117397794,0.0,CD8_Tcell
-276.8130073380353,44.31195332394936,0.0,CD8_Tcell
-154.38712800320172,-324.2178667608569,0.0,CD8_Tcell
46.61913608533922,-322.80931179433634,0.0,CD8_Tcell
-238.99785495857773,213.16613408183298,0.0,CD8_Tcell
255.60715195644656,249.64633840375302,0.0,CD8_Tcell
-343.02242491471543,6.169878180499768,0.0,CD8_Tcell
280.100337027184,-243.39844494550414,0.0,CD8_Tcell
14.87720654480014,-363.8220946748265,0.0,CD8_Tcell
-196.38000004655296,-302.7938906432279,0.0,CD8_Tcell
-301.84103502776156,241.9219858451076,0.0,CD8_Tcell
64.06384092783387,236.10218155447234,0.0,CD8_Tcell
-335.9731333593566,81.05461892031491,0.0,CD8_Tcell
237.59870502122345,-18.146846992467196,0.0,CD8_Tcell
344.6290206074569,125.081471031679,0.0,CD8_Tcell
191.05168385850317,307.97040346159565,0.0,CD8_Tcell
-107.05826664142906,-224.9985470865716,0.0,CD8_Tcell
339.52241535537416,-32.677471674311526,0.0,CD8_Tcell
162.79715176319863,-333.71565948256057,0.0,CD8_Tcell
-194.72908774791551,93.78650719624238,0.0,CD8_Tcell
8.195264472758643,-360.59120094403715,0.0,CD8_Tcell
280.0589873817385,-53.355056335821416,0.0,CD8_Tcell
-304.2501354670973,-153.84517432675074,0.0,CD8_Tcell
-343.7013410767656,-181.56610397828015,0.0,CD8_Tcell
294.56173659519277,-22.180462980130944,0.0,CD8_Tcell
-100.90448357900625,-302.97476060852586,0.0,CD8_Tcell
55.057700048338006,-294.1765315523942,0.0,CD8_Tcell
-296.2002490150003,-161.9707468089654,0.0,CD8_Tcell
-244.81054135160193,122.75165752542452,0.0,CD8_Tcell
-366.01653292563105,55.24016806373705,0.0,CD8_Tcell
-246.97047302199985,107.53597298743017,0.0,CD8_Tcell
-199.41703578973,-67.27337549681087,0.0,CD8_Tcell
-354.8026111897212,-180.1040029762457,0.0,CD8_Tcell
-249.66257474290762,187.74598263356714,0.0,CD8_Tcell
-134.1625021518423,241.55085665543731,0.0,CD8_Tcell
306.0005808042343,-234.23012681666356,0.0,CD8_Tcell
36.08876712648092,317.60033950604685,0.0,CD8_Tcell
-200.62820229371835,2.0948515921261834,0.0,CD8_Tcell
-11.481719467480689,-299.42207765396927,0.0,CD8_Tcell
168.25251247067447,109.15470619448863,0.0,CD8_Tcell
-150.50831409118828,158.41431901634593,0.0,CD8_Tcell
-173.81406573435828,-257.705996126175,0.0,CD8_Tcell
161.0515994507296,325.10396480662513,0.0,CD8_Tcell
91.14589738372527,282.076272547462,0.0,CD8_Tcell
-59.306131839234844,303.34046705989374,0.0,CD8_Tcell
137.72135770842144,287.74881449261886,0.0,CD8_Tcell
-181.90724627950036,326.6649564861434,0.0,CD8_Tcell
20.035642582134013,321.09517858811375,0.0,CD8_Tcell
-126.51366461584797,184.81054967646688,0.0,CD8_Tcell
321.5983217398434,-95.65942706494235,0.0,CD8_Tcell
242.5501564402663,63.20644798308611,0.0,CD8_Tcell
-299.8036018832565,-44.6120271529112,0.0,CD8_Tcell
-206.89700103813956,-225.6906905587393,0.0,CD8_Tcell
149.7623280849189,-262.51361889195465,0.0,CD8_Tcell
257.64017827022457,-281.8926485129708,0.0,CD8_Tcell
-95.30311759424423,372.4749052136587,0.0,CD8_Tcell
125.2175895580987,-161.26082453354672,0.0,CD8_Tcell
236.6364686218459,-273.15428038859716,0.0,CD8_Tcell
-341.31833545883876,-0.5584744014224644,0.0,CD8_Tcell
-327.4714856738166,-9.190857933577025,0.0,CD8_Tcell
-190.421355389095,351.11087187400176,0.0,CD8_Tcell
-318.430519420247,69.34584697580155,0.0,CD8_Tcell
-378.2792204909933,-29.366113598914747,0.0,CD8_Tcell
234.69695727835818,181.75524550667052,0.0,CD8_Tcell
180.06023501797057,346.56837463085094,0.0,CD8_Tcell
199.79955436884782,-85.25938256246343,0.0,CD8_Tcell
3.1685617839483387,325.1289220856468,0.0,CD8_Tcell
329.1836888934475,225.46429226157525,0.0,CD8_Tcell
-94.77680322206271,-312.9240394847806,0.0,CD8_Tcell
265.2645630076626,-117.34438721062094,0.0,CD8_Tcell
-192.24948760766682,-69.05003757479305,0.0,CD8_Tcell
-229.8879571261946,61.97615125632419,0.0,CD8_Tcell
221.06618129749597,286.94072411154565,0.0,CD8_Tcell
-378.4955287122651,-87.76478559646466,0.0,CD8_Tcell
266.26961008382506,-19.378568050275437,0.0,CD8_Tcell
251.36340665853263,55.5839923821568,0.0,CD8_Tcell
-244.7460609964978,131.44547263773242,0.0,CD8_Tcell
-186.50943186233008,154.5671419542688,0.0,CD8_Tcell
282.27856540440706,28.85272377863722,0.0,CD8_Tcell
340.25686841790406,-173.29483170587105,0.0,CD8_Tcell
307.91530287451207,-8.513388987858978,0.0,CD8_Tcell
65.28703964028591,386.65992617841357,0.0,CD8_Tcell
-37.76104639902162,396.58587467015644,0.0,CD8_Tcell
266.6659191036857,-26.76204070553691,0.0,CD8_Tcell
66.19320091974635,-202.64871103822395,0.0,CD8_Tcell
217.17792088669722,-329.5126923599685,0.0,CD8_Tcell
81.42168534510166,200.24927651404988,0.0,CD8_Tcell
244.74813196649947,-126.47481918757529,0.0,CD8_Tcell
-210.34529880243431,81.48849979088526,0.0,CD8_Tcell
278.3066789170192,-236.02164978529726,0.0,CD8_Tcell
-304.5109801841076,168.60160052122276,0.0,CD8_Tcell
-382.92112474628516,-12.256479687681184,0.0,CD8_Tcell
286.23143702741436,-118.86127515904477,0.0,CD8_Tcell
242.65433066960506,-282.37101924914094,0.0,CD8_Tcell
-156.64690638086984,-165.0382005794586,0.0,CD8_Tcell
-234.6434556329202,242.38998245626067,0.0,CD8_Tcell
-55.163188813381154,237.87947917525983,0.0,CD8_Tcell
-367.0192462170349,-149.597292773142,0.0,CD8_Tcell
-45.22644178647282,347.7737239557444,0.0,CD8_Tcell
-136.99860054995693,338.19350369016007,0.0,CD8_Tcell
64.54678708138542,-219.41520236945343,0.0,CD8_Tcell
234.51478509811125,-37.03080814783507,0.0,CD8_Tcell
294.65633187204617,36.30267618937241,0.0,CD8_Tcell
177.4042897379561,352.5808350037934,0.0,CD8_Tcell
-144.6800966296698,312.12436403639225,0.0,CD8_Tcell
8.074436761446005,-389.5114385019972,0.0,CD8_Tcell
-292.40496509634664,-41.60183179857581,0.0,CD8_Tcell
-209.4873898918131,193.80805724489997,0.0,CD8_Tcell
191.1428563512128,306.46607890626734,0.0,CD8_Tcell
324.7583678241037,225.95981483367746,0.0,CD8_Tcell
-200.94443179101248,-129.96241490689576,0.0,CD8_Tcell
131.76103022246852,-293.3596064542846,0.0,CD8_Tcell
82.74015381560643,236.6245809644046,0.0,CD8_Tcell
36.03219701203426,266.01895475201667,0.0,CD8_Tcell
279.8278092121044,-202.27356091741947,0.0,CD8_Tcell
29.27436380130663,-221.4118839073925,0.0,CD8_Tcell
-209.82387149676214,-317.79946168280276,0.0,CD8_Tcell
-381.76622326792244,51.195279873697814,0.0,CD8_Tcell
337.5924198470225,-87.54653561497868,0.0,CD8_Tcell
289.54772953246595,19.982474542593312,0.0,CD8_Tcell
-215.5961855155062,-228.52317457904252,0.0,CD8_Tcell
-45.5189489696071,-248.53957118730605,0.0,CD8_Tcell
-314.70610330373063,50.7203778125181,0.0,CD8_Tcell
307.2492386614472,-39.64449461765848,0.0,CD8_Tcell
68.09603504401196,-303.76382988127307,0.0,CD8_Tcell
-178.46635129940873,-149.70850499288866,0.0,CD8_Tcell
-234.85894407360738,78.82422834551707,0.0,CD8_Tcell
165.786559315111,-201.65999135730667,0.0,CD8_Tcell
-106.6672275857527,-325.4008027810414,0.0,CD8_Tcell
-225.8879434356508,-223.91937025421953,0.0,CD8_Tcell
240.0770005309,294.90682622562133,0.0,CD8_Tcell
-195.0470313099984,-244.93376222429868,0.0,Treg
-230.11772232102726,209.24390051730725,0.0,Treg
-325.77510125347663,116.43207831693846,0.0,Treg
224.26619755579313,130.70111546727597,0.0,Treg
339.2808605520359,-168.9826787966297,0.0,Treg
216.5591868250515,-261.19636004348297,0.0,Treg
-254.5093739339796,131.2531795250405,0.0,Treg
230.51423901744377,-188.02771954944959,0.0,Treg
5.089124532496904,310.17608343231785,0.0,Treg
-54.92224476936461,-333.38213834074736,0.0,Treg
-307.0095191123868,-13.814326547168996,0.0,Treg
357.20883825627834,-42.332264953719935,0.0,Treg
-178.66793124679015,-124.01751315731032,0.0,Treg
207.44763306625316,-252.37248287527188,0.0,Treg
274.6832747779382,-186.5726638576525,0.0,Treg
-315.4972582387277,-92.88356979159744,0.0,Treg
-74.95320665756276,335.5222264658486,0.0,Treg
-387.0653467866471,90.18720987108713,0.0,Treg
47.894312749867616,370.3008862593269,0.0,Treg
100.42733094509522,-290.9524318669419,0.0,Treg
274.5950472984076,180.36885938243805,0.0,Treg
-298.5883581120491,254.9757698197048,0.0,Treg
239.75510883639762,265.97877414149383,0.0,Treg
-40.24790563110078,-296.0205526818745,0.0,Treg
228.68723196150745,-125.37706212967548,0.0,Treg
-263.10223394154605,168.23668384428856,0.0,Treg
130.47842649666165,-197.18827193580591,0.0,Treg
-223.69196832953048,-68.58567900414457,0.0,Treg
-170.68232586382908,331.1629077120256,0.0,Treg
118.65760563000742,-316.6528857338879,0.0,Treg
-257.1877397119489,-28.76455930672265,0.0,Treg
34.368335669096545,351.57225805286146,0.0,Treg
143.40747892423812,167.2040699914575,0.0,Treg
-276.27831842385376,284.5409850476726,0.0,Treg
-228.7689801512803,-50.10077343050522,0.0,Treg
-62.28421555164822,-352.3099610774408,0.0,Treg
-253.20408100492247,3.940722796440632,0.0,Treg
-185.1600195592307,-266.6692989975114,0.0,Treg
-184.59523574247817,86.3301372244245,0.0,Treg
268.52938822840605,-184.31524411283604,0.0,Treg
-197.85556405180554,-258.97836090454916,0.0,Treg
329.48997734149015,155.56151996024062,0.0,Treg
-136.36660244048076,-323.0070770454545,0.0,Treg
291.19507906616616,25.67674945919859,0.0,Treg
5.446950756810473,-295.2097785859258,0.0,Treg
111.10007349219191,88.28879117409869,0.0,apCAF
-93.53142254096707,-68.43739535822982,0.0,apCAF
40.089748277076374,139.832301206845,0.0,apCAF
-30.052919084785344,-30.894164950889326,0.0,apCAF
-16.960827425096884,24.80617628908845,0.0,apCAF
-70.57215933656775,4.081180556539215,0.0,apCAF
83.99232494303219,-47.93207132079737,0.0,apCAF
-118.33021544310704,74.21487197163437,0.0,apCAF
1.2899129300714418,-36.96944150055892,0.0,apCAF
157.6483303130849,92.80433185841686,0.0,apCAF
-93.13149502780304,-11.113498029670462,0.0,apCAF
-70.7037570031022,-121.99120992752059,0.0,apCAF
82.1136128850397,-140.23014171706717,0.0,apCAF
177.17146512974307,201.96084430479064,0.0,epithelial_tumor
95.2152040946332,-347.4683061366141,0.0,epithelial_tumor
18.077098384348016,-376.9908356781011,0.0,epithelial_tumor
71.08640463314033,-202.83120016764389,0.0,epithelial_tumor
270.9891463716345,-285.8844424797035,0.0,epithelial_tumor
159.95327373450903,-299.4237511781735,0.0,epithelial_tumor
-102.73390282142718,-284.75120276307655,0.0,epithelial_tumor
160.95213479037733,348.3315039173084,0.0,epithelial_tumor
286.65868714437,114.73633732066419,0.0,epithelial_tumor
-61.14782482806635,-352.0800047724502,0.0,epithelial_tumor
298.2122187200264,81.70441291251262,0.0,epithelial_tumor
47.94965590166101,-348.84244469646904,0.0,epithelial_tumor
-237.06587687171938,122.63914669159486,0.0,epithelial_tumor
240.40720877903257,215.78885405549428,0.0,epithelial_tumor
-268.73913628044323,177.87904373285616,0.0,epithelial_tumor
-212.197055594738,-327.2109314569765,0.0,epithelial_tumor
241.31172168034732,308.75374313973566,0.0,epithelial_tumor
-267.2575582295405,8.659174506730515,0.0,epithelial_tumor
-141.65626150119283,-147.5137855648434,0.0,epithelial_tumor
197.7154353289611,277.28194054936756,0.0,epithelial_tumor
-314.7848759228226,-97.00223838838885,0.0,epithelial_tumor
282.3318689550491,165.22953655051387,0.0,epithelial_tumor
-279.73760838708876,107.90604999712252,0.0,epithelial_tumor
227.8493249579033,195.74093325841773,0.0,epithelial_tumor
-143.3492695365713,-220.9502871590964,0.0,epithelial_tumor
28.174272913482486,278.5164072075,0.0,epithelial_tumor
-175.39468219346995,191.54369268044124,0.0,epithelial_tumor
-319.7641927807116,90.19823525402767,0.0,epithelial_tumor
-85.25909589094887,367.27385733312684,0.0,epithelial_tumor
307.8642480327888,-183.88989606662102,0.0,epithelial_tumor
4.1548982667226015,308.8295353936425,0.0,epithelial_tumor
232.45390798039827,275.5615193562105,0.0,epithelial_tumor
-341.57301386621145,-1.1432645655769944,0.0,epithelial_tumor
-266.6502570348461,-23.134150360919367,0.0,epithelial_tumor
238.08781448825204,-115.41296073318496,0.0,epithelial_tumor
-44.39428322968922,255.68698116416317,0.0,epithelial_tumor
2.6621818614623445,390.0281028951167,0.0,epithelial_tumor
-390.0569956728694,-67.18998734216163,0.0,epithelial_tumor
-368.0697191556044,10.73161518568983,0.0,epithelial_tumor_class1
196.60480526462896,-104.62813906987539,0.0,epithelial_tumor_class1
105.78482536543723,-235.00633010643324,0.0,epithelial_tumor_class1
133.37858521730314,-211.2455326141258,0.0,epithelial_tumor_class1
-211.27701757158286,92.6534484638922,0.0,epithelial_tumor_class1
-246.12075055921207,57.98039667320654,0.0,epithelial_tumor_class1
17.74352625342587,348.96220772257055,0.0,epithelial_tumor_class1
-252.87300442636595,-256.09127700482674,0.0,epithelial_tumor_class1
298.4998679647663,132.56037700125088,0.0,epithelial_tumor_class1
79.78310184738766,-225.81940360810702,0.0,epithelial_tumor_class1
-294.548603262308,155.32083707007467,0.0,epithelial_tumor_class1
387.8760976067783,14.36090654565224,0.0,epithelial_tumor_class1
162.8804799177895,133.1744435198792,0.0,epithelial_tumor_class1
-95.28564908926393,187.06280544765056,0.0,epithelial_tumor_class1
87.64274369125299,-273.60440264864076,0.0,epithelial_tumor_class1
-191.15060811263996,324.61482998575593,0.0,epithelial_tumor_class1_class2
114.7441673406789,195.2714582507926,0.0,epithelial_tumor_class1_class2
160.49054039697438,-221.54186025254762,0.0,epithelial_tumor_class1_class2
268.8915957161887,-281.22714146351296,0.0,epithelial_tumor_class1_class2
373.5389118923602,12.470237491755258,0.0,epithelial_tumor_class1_class2
-234.91979593935608,-302.5957034511997,0.0,epithelial_tumor_class1_class2
367.94859799316174,59.10974325421668,0.0,epithelial_tumor_class1_class2
51.105477001135334,-366.22653649802555,0.0,epithelial_tumor_class1_class2
247.67637644951483,-91.93132274551873,0.0,epithelial_tumor_class1_class2
116.08647094554145,-380.0498142993712,0.0,epithelial_tumor_class1_class2
-5.1592447506134675,-326.0863407209976,0.0,epithelial_tumor_class1_class2
196.21328353726003,-276.7785762729318,0.0,epithelial_tumor_class1_class2
-27.71462700597584,-241.10938129222663,0.0,epithelial_tumor_class1_class2
129.91797338631238,-282.39507056613786,0.0,epithelial_tumor_class1_class2
10.194835523190244,-234.94601446679138,0.0,epithelial_tumor_class1_class2
-28.758176856941642,216.20069696491979,0.0,epithelial_tumor_class1_class2
-308.4885532762195,-59.30494987972913,0.0,epithelial_tumor_class1_class2
3.4239693519467314,378.6220907123961,0.0,epithelial_tumor_class1_class2
-304.00932118922475,153.38405399799422,0.0,epithelial_tumor_class1_class2
165.41740333431997,-277.7978746676894,0.0,epithelial_tumor_class1_class2
259.1091468178727,-232.51845060109574,0.0,epithelial_tumor_class1_class2
-226.11384967242154,110.34982121258012,0.0,epithelial_tumor_class1_class2
221.64367748861724,264.05045765069,0.0,epithelial_tumor_class1_class2
167.00349559228093,294.29890913230355,0.0,epithelial_tumor_class1_class2
229.843060032539,-92.74596484915828,0.0,epithelial_tumor_class1_class2
-297.4504165064566,162.8336409323511,0.0,epithelial_tumor_class1_class2
-74.56218611338576,343.3533357721341,0.0,epithelial_tumor_class1_class2
-394.1764790646661,31.588592879939767,0.0,epithelial_tumor_class1_class2
-269.4309038767145,57.11343893792905,0.0,epithelial_tumor_class1_class2
-283.5746872736814,-191.16140906954544,0.0,epithelial_tumor_class1_class2
-232.8278013124165,210.49293960605448,0.0,epithelial_tumor_class1_class2
128.51111903166915,-225.4146053374466,0.0,epithelial_tumor_class1_class2
360.6340497340527,16.26485584167435,0.0,epithelial_tumor_class1_class2
333.06786273267164,37.557470331205344,0.0,epithelial_tumor_class1_class2
267.74439416111517,108.05398304196937,0.0,epithelial_tumor_class1_class2
-208.38378104666822,-320.5589425839218,0.0,epithelial_tumor_class1_class2
-84.09874899908048,261.73710136901667,0.0,epithelial_tumor_class1_class2
-194.87916008227793,-103.48880459028125,0.0,epithelial_tumor_class1_class2
284.6005176998817,-200.46377727760347,0.0,epithelial_tumor_class1_class2
22.80081741898605,351.31451138738186,0.0,epithelial_tumor_class1_class2
284.632425499412,-137.89882608772342,0.0,epithelial_tumor_class1_class2
-54.955369085617676,-220.72272264697358,0.0,epithelial_tumor_class1_class2
205.24439513940635,78.85537235541581,0.0,epithelial_tumor_class1_class2
-20.91182625499744,217.69019320128317,0.0,epithelial_tumor_class1_class2
141.44109839661118,159.69201374536738,0.0,epithelial_tumor_class1_class2
-335.1477505410813,-33.49499796570931,0.0,epithelial_tumor_class1_class2
-335.11936493447797,93.92619594119425,0.0,epithelial_tumor_class1_class2
-222.01547913412836,-80.14202315224121,0.0,epithelial_tumor_class1_class2
26.08326032245882,-270.5044119013969,0.0,epithelial_tumor_class1_class2
-232.31122515648588,-222.7878761767751,0.0,epithelial_tumor_class1_class2
196.41002705128358,322.9995665205809,0.0,epithelial_tumor_class1_class2
-219.41482835753064,-167.17293662891944,0.0,epithelial_tumor_class1_class2
314.02835444361557,146.90837479918275,0.0,epithelial_tumor_class1_class2
-193.62090457417415,-158.19948234242537,0.0,epithelial_tumor_class1_class2
198.00402949604324,98.16307726727148,0.0,epithelial_tumor_class1_class2
117.68177578491206,172.09903956478053,0.0,epithelial_tumor_class1_class2
-107.8241133448947,185.1146217870971,0.0,epithelial_tumor_class1_class2
39.4000834297666,351.55452719841026,0.0,epithelial_tumor_class1_class2
-14.75474544634587,380.8000918362839,0.0,epithelial_tumor_class1_class2
-13.399113254424009,-247.60769180350846,0.0,epithelial_tumor_class1_class2
248.1067570077761,286.1512478005173,0.0,epithelial_tumor_class1_class2
-360.01354946223404,-60.26877618711546,0.0,epithelial_tumor_class1_class2
365.51127692824275,-126.63330054455164,0.0,epithelial_tumor_class1_class2
-315.46626914856375,64.12398864543484,0.0,epithelial_tumor_class1_class2
198.27027148431972,206.76348789669896,0.0,epithelial_tumor_class1_class2
137.90987766524233,-322.7738065582872,0.0,epithelial_tumor_class1_class2
388.94089841770847,-38.70236679332779,0.0,epithelial_tumor_class1_class2
-287.55046595619325,-57.86315219442912,0.0,epithelial_tumor_class1_class2
-87.09208647522455,285.5166888292541,0.0,epithelial_tumor_class1_class2
-83.17659350405154,199.41605184675183,0.0,epithelial_tumor_class1_class2
29.168871388801403,-215.08271786499014,0.0,epithelial_tumor_class1_class2
0.8393247135015296,-351.09445025085427,0.0,epithelial_tumor_class1_class2
220.6584251308971,10.14830122571421,0.0,epithelial_tumor_class1_class2
-204.43732013302878,328.0561864293932,0.0,epithelial_tumor_class1_class2
-269.76987235559625,200.3588133922333,0.0,epithelial_tumor_class1_class2
-242.36470431931411,-65.38231338251548,0.0,epithelial_tumor_class1_class2
211.4260809355701,162.08013936796564,0.0,epithelial_tumor_class1_class2
273.20794793989916,113.42165396895723,0.0,epithelial_tumor_class1_class2
348.00700180088097,18.507263922745324,0.0,epithelial_tumor_class1_class2
274.5340895081384,-207.83360884594993,0.0,epithelial_tumor_class2
-79.59655861464962,-195.66049743227632,0.0,epithelial_tumor_class2
-35.15374633237656,-280.61418477915214,0.0,epithelial_tumor_class2
-10.033812591643256,-272.07158912124504,0.0,epithelial_tumor_class2
293.7189057910512,87.95588698177141,0.0,epithelial_tumor_class2
144.6846098728204,-257.35455616804126,0.0,epithelial_tumor_class2
83.43414246600165,-366.4456072728421,0.0,epithelial_tumor_class2
343.7688496689907,-0.3281941596976376,0.0,epithelial_tumor_class2
-328.920996484651,-211.61390736793686,0.0,epithelial_tumor_class2
-12.596238071158815,321.7699985035703,0.0,epithelial_tumor_class2
340.6253727291665,-6.894456659187693,0.0,epithelial_tumor_class2
7.8767681828832385,351.681933263262,0.0,epithelial_tumor_class2
-205.4962564467659,-63.762194867331964,0.0,mesenchymal_tumor_class1
378.15368763626606,-90.22551356643177,0.0,mesenchymal_tumor_class1
-194.02966361032048,-294.1540536173837,0.0,mesenchymal_tumor_class1
-263.4837044186174,4.7073161774931584,0.0,mesenchymal_tumor_class1
-243.76323176479545,-119.94438915283644,0.0,mesenchymal_tumor_class1
73.94585493491338,329.27956726319337,0.0,mesenchymal_tumor_class1
369.7512197308722,-41.04148469090891,0.0,mesenchymal_tumor_class1
-285.2577020509715,169.24120911052907,0.0,mesenchymal_tumor_class1
233.3589605041897,-186.6941801084476,0.0,mesenchymal_tumor_class1
-330.7643374992627,40.089114871052814,0.0,mesenchymal_tumor_class1_class2
252.1171651484182,193.27749896902046,0.0,mesenchymal_tumor_class1_class2
229.15895106297944,74.45515216471935,0.0,mesenchymal_tumor_class1_class2
266.43086259438286,-259.0537001201541,0.0,mesenchymal_tumor_class1_class2
-125.39860915720332,196.5319393283615,0.0,mesenchymal_tumor_class1_class2
-137.99054074482964,-289.7070213224564,0.0,mesenchymal_tumor_class1_class2
-147.58315642080342,215.8835484243381,0.0,mesenchymal_tumor_class2
-355.3281198327443,56.450068990689104,0.0,PDAC_unclassified
-117.21126859249547,376.8606706020428,0.0,PDAC_unclassified
274.4710172679721,203.54604695455916,0.0,PDAC_unclassified
115.28629395539596,235.92927835138684,0.0,PDAC_unclassified
130.94898727134034,287.45277852622917,0.0,PDAC_unclassified
248.94945339203898,46.4662793103839,0.0,PDAC_unclassified
-242.00986261845156,-33.86470824709993,0.0,PDAC_unclassified
237.5683067602173,-247.78308940654208,0.0,PDAC_unclassified
124.6761835589396,-178.46818593128995,0.0,PDAC_unclassified
360.19891152911805,-62.15161628444942,0.0,PDAC_unclassified
272.89594398162376,-0.670199920908298,0.0,PDAC_unclassified
105.65952086115946,-196.23119703394914,0.0,PDAC_unclassified
62.14147240208386,322.2443111432842,0.0,PDAC_unclassified
297.82679691545667,17.40309941581058,0.0,PDAC_unclassified
-157.74274234923547,157.22789477857478,0.0,PDAC_unclassified
-169.91667662341126,216.7873288425653,0.0,PDAC_unclassified
328.37922581078175,-18.333168705764155,0.0,PDAC_unclassified
-275.0740788189428,213.16018848254427,0.0,PDAC_unclassified
260.4045653364833,293.14129306717166,0.0,PDAC_unclassified
330.86043716572306,172.87100641634217,0.0,PDAC_unclassified
-268.2762714177469,-110.24258184908086,0.0,PDAC_unclassified
51.64792065915643,333.61544137275786,0.0,PDAC_unclassified
90.18146013090174,-207.87935606986963,0.0,PDAC_unclassified
315.6018127942847,183.35184895295086,0.0,PDAC_unclassified
342.59546387521794,-53.01748025735229,0.0,PDAC_unclassified
108.69435843825856,-216.63351414587038,0.0,PDAC_unclassified
158.78870349621673,-354.1582309724362,0.0,PDAC_unclassified
20.846269171325375,311.36871513081206,0.0,PDAC_unclassified
-114.93602757205768,375.80198365189074,0.0,PDAC_unclassified
344.3285242237883,82.34859169402067,0.0,PDAC_unclassified
64.48618394823296,-216.4688382532144,0.0,PDAC_unclassified
-241.45909170921223,241.46202187624328,0.0,PDAC_unclassified
-140.53060534309554,-353.1754763362588,0.0,PDAC_unclassified
-235.10224986207305,-291.8734403635738,0.0,PDAC_unclassified
-243.4069277009048,62.07788146256189,0.0,PDAC_unclassified
389.1834778675532,-81.75141818554872,0.0,PDAC_unclassified
-283.5017215580871,38.97011650784132,0.0,PDAC_unclassified
191.53266055383463,-74.40073704162425,0.0,PDAC_unclassified
-144.60222754389773,-271.5435013654092,0.0,PDAC_unclassified
-252.58499730799645,64.45453232133251,0.0,PDAC_unclassified
-264.6057240522445,286.08136261333647,0.0,PDAC_unclassified
-240.7758458490418,93.89630767491907,0.0,PDAC_unclassified
17.63123254608202,-314.6936178590505,0.0,PDAC_unclassified
150.03746882802707,152.88153497810666,0.0,PDAC_unclassified
59.01120843093597,294.2741760061685,0.0,PDAC_unclassified
19.85077177038746,356.7830846943333,0.0,PDAC_unclassified
-286.18199452718204,3.3063396758351913,0.0,PDAC_unclassified
244.67322839721177,159.72471972407934,0.0,PDAC_unclassified
-163.75957582171193,-173.4101209423238,0.0,PDAC_unclassified
70.85330878912178,-355.35370765460533,0.0,PDAC_unclassified
363.16318779810376,15.285140980514143,0.0,PDAC_unclassified
34.553258517167464,301.753269741744,0.0,PDAC_unclassified
124.27068460314435,-195.81348192440475,0.0,PDAC_unclassified
265.84296033456997,247.62866155620944,0.0,PDAC_unclassified
334.5142810988506,152.4723202331603,0.0,PDAC_unclassified
262.2882750107163,-58.39181515812941,0.0,PDAC_unclassified
-294.8427052715557,-207.5846983882726,0.0,PDAC_unclassified
-2.499384454891306,247.46174320533493,0.0,PDAC_unclassified
-17.497714839335103,271.9205808388012,0.0,PDAC_unclassified
-95.362303394136,-195.41491749842072,0.0,PDAC_unclassified
-313.4190894258538,-39.09691978558443,0.0,PDAC_unclassified
-176.1389208167207,-347.59824327004446,0.0,PDAC_unclassified
-234.94536540040366,-55.644778687406074,0.0,PDAC_unclassified
233.25218923976314,-67.7015522347795,0.0,PDAC_unclassified
175.7038051455476,262.51347604075966,0.0,PDAC_unclassified
-263.1467164584639,206.60845286044852,0.0,PDAC_unclassified
94.48424321141901,344.2032809123878,0.0,PDAC_unclassified
74.46998457642661,-232.70468636164418,0.0,PDAC_unclassified
249.79963005357948,-176.76495093218844,0.0,PDAC_unclassified
-101.84512522055789,-360.13600214889993,0.0,PDAC_unclassified
138.21817605250564,264.7958402469439,0.0,PDAC_unclassified
297.61021161773755,198.13096626917073,0.0,PDAC_unclassified
78.33014800694473,-286.8682426823127,0.0,PDAC_unclassified
110.61564920537995,317.5367198788764,0.0,PDAC_unclassified
47.30410388474443,336.1377974622771,0.0,PDAC_unclassified
219.45374677320987,213.657692443572,0.0,PDAC_unclassified
284.0795233386764,-161.99941760273538,0.0,PDAC_unclassified
-282.1742974701703,-167.07014318349297,0.0,PDAC_unclassified
248.30516866942995,-174.19834097432138,0.0,PDAC_unclassified
-201.2300243228129,-37.77115451588837,0.0,PDAC_unclassified
228.29787137313184,197.51518568418584,0.0,PDAC_unclassified
-326.3931747721358,178.4487909769591,0.0,PDAC_unclassified
150.51866993298975,195.5540993729995,0.0,PDAC_unclassified
-190.44890352816557,142.21059024397871,0.0,PDAC_unclassified
-202.44393863112393,279.64918717173504,0.0,PDAC_unclassified
-358.1105781808002,-143.95451882123953,0.0,PDAC_unclassified
95.74999575065328,383.6983967647544,0.0,PDAC_unclassified
-341.7075784751174,-58.2293850242834,0.0,PDAC_unclassified
-327.41388976446905,41.46923316803282,0.0,PDAC_unclassified
260.34920901819646,42.732003025439866,0.0,PDAC_unclassified
199.34678721398015,151.49936161784385,0.0,PDAC_unclassified
-363.04499973171767,-110.77029924849933,0.0,PDAC_unclassified
-222.00543528287483,-5.714868167855832,0.0,PDAC_unclassified
-132.0306766608521,-170.17378832758214,0.0,PDAC_unclassified
93.49139170589267,-309.1571718403719,0.0,PDAC_unclassified
276.2226258315498,69.42502894260132,0.0,PDAC_unclassified
234.15940551296472,177.63821248647176,0.0,PDAC_unclassified
253.11138085702254,-181.75275502931996,0.0,PDAC_unclassified
-19.301623468821887,-241.7297276278391,0.0,PDAC_unclassified
-190.01917211939076,-275.32241206640276,0.0,PDAC_unclassified
-269.8677163546365,-9.602522349366533,0.0,PDAC_unclassified
117.89246216379034,308.49216942170034,0.0,PDAC_unclassified
218.58350897550199,96.74606616618115,0.0,PDAC_unclassified
298.3194608980641,-166.5631057047492,0.0,PDAC_unclassified
200.06607771856736,-174.23763531764962,0.0,PDAC_unclassified
321.8244768476338,-194.88353220261098,0.0,PDAC_unclassified
33.126971952978906,337.07157008944176,0.0,PDAC_unclassified
-71.09665387686395,370.54699631235053,0.0,PDAC_unclassified
10.095262262610893,390.0654513168171,0.0,PDAC_unclassified
-206.23045118557394,151.84491028375737,0.0,PDAC_unclassified
-58.876202832695704,-392.5711591457462,0.0,PDAC_unclassified
149.79344907671415,-261.0333590912959,0.0,PDAC_unclassified
351.9840625015541,-61.5570455859134,0.0,PDAC_unclassified
-324.3921402743788,-34.535068837568105,0.0,PDAC_unclassified
206.9036706429401,-55.69666406616742,0.0,PDAC_unclassified
-205.48320749244067,145.9722854334364,0.0,PDAC_unclassified
60.39918860063011,-337.30966756015823,0.0,PDAC_unclassified
-284.752314188054,221.67319738935822,0.0,PDAC_unclassified
-174.6962771141224,339.5375090253401,0.0,PDAC_unclassified
-257.32645178617065,220.13601662149455,0.0,PDAC_unclassified
-317.32040499815605,-149.9812904252409,0.0,PDAC_unclassified
308.78700367042603,99.11135415402194,0.0,PDAC_unclassified
-392.1382771385974,55.99406052095161,0.0,PDAC_unclassified
247.9255961896135,251.1267645897683,0.0,PDAC_unclassified
218.55667237650655,-227.0489477371712,0.0,PDAC_unclassified
-238.31679595080868,-54.41432644740268,0.0,PDAC_unclassified
-205.49961892934172,-118.75849127993776,0.0,PDAC_unclassified
324.78552912195113,-130.0239903112233,0.0,PDAC_unclassified
-23.099678119695024,326.34328029206137,0.0,PDAC_unclassified
-161.3194474291623,137.3351862636439,0.0,PDAC_unclassified
58.855683148781836,-244.90714484009663,0.0,PDAC_unclassified
-281.44175777805685,-14.25053560735602,0.0,PDAC_unclassified
-300.58170789229683,233.81894667847087,0.0,PDAC_unclassified
